[{"model": "admin.logentry", "pk": 1, "fields": {"action_time": "2023-04-23T18:21:23.364Z", "user": 1, "content_type": 7, "object_id": "1", "object_repr": "developer.jenish@gmail.com", "action_flag": 1, "change_message": "[{\"added\": {}}]"}}, {"model": "admin.logentry", "pk": 2, "fields": {"action_time": "2023-04-23T19:00:32.997Z", "user": 1, "content_type": 6, "object_id": "2", "object_repr": "", "action_flag": 1, "change_message": "[{\"added\": {}}]"}}, {"model": "admin.logentry", "pk": 3, "fields": {"action_time": "2023-04-23T19:00:48.217Z", "user": 1, "content_type": 6, "object_id": "2", "object_repr": "ajakhed123@gmail.com", "action_flag": 2, "change_message": "[{\"changed\": {\"fields\": [\"First name\", \"Last name\", \"Email\", \"Phone number\"]}}]"}}, {"model": "admin.logentry", "pk": 4, "fields": {"action_time": "2023-04-23T19:00:59.671Z", "user": 1, "content_type": 7, "object_id": "2", "object_repr": "ajakhed123@gmail.com", "action_flag": 3, "change_message": ""}}, {"model": "admin.logentry", "pk": 5, "fields": {"action_time": "2023-04-23T19:01:05.934Z", "user": 1, "content_type": 6, "object_id": "2", "object_repr": "ajakhed123@gmail.com", "action_flag": 2, "change_message": "[{\"changed\": {\"fields\": [\"Phone number\"]}}]"}}, {"model": "admin.logentry", "pk": 6, "fields": {"action_time": "2023-04-23T19:01:25.892Z", "user": 1, "content_type": 7, "object_id": "3", "object_repr": "ajakhed123@gmail.com", "action_flag": 3, "change_message": ""}}, {"model": "admin.logentry", "pk": 7, "fields": {"action_time": "2023-04-23T19:01:35.240Z", "user": 1, "content_type": 6, "object_id": "2", "object_repr": "ajakhed123@gmail.com", "action_flag": 3, "change_message": ""}}, {"model": "admin.logentry", "pk": 8, "fields": {"action_time": "2023-04-23T21:28:16.839Z", "user": 1, "content_type": 6, "object_id": "3", "object_repr": "ajakhed123@gmail.com", "action_flag": 3, "change_message": ""}}, {"model": "admin.logentry", "pk": 9, "fields": {"action_time": "2023-04-23T21:41:48.831Z", "user": 1, "content_type": 6, "object_id": "4", "object_repr": "ajakhed123@gmail.com", "action_flag": 3, "change_message": ""}}, {"model": "admin.logentry", "pk": 10, "fields": {"action_time": "2023-04-23T22:31:54.478Z", "user": 1, "content_type": 6, "object_id": "6", "object_repr": "ajakhed123@gmail.com", "action_flag": 3, "change_message": ""}}, {"model": "admin.logentry", "pk": 11, "fields": {"action_time": "2023-04-23T22:31:54.480Z", "user": 1, "content_type": 6, "object_id": "5", "object_repr": "pravinakhed99@gmail.com", "action_flag": 3, "change_message": ""}}, {"model": "admin.logentry", "pk": 12, "fields": {"action_time": "2023-04-23T22:42:16.274Z", "user": 1, "content_type": 6, "object_id": "7", "object_repr": "ajakhed123@gmail.com", "action_flag": 3, "change_message": ""}}, {"model": "admin.logentry", "pk": 13, "fields": {"action_time": "2023-04-23T23:01:12.118Z", "user": 1, "content_type": 6, "object_id": "8", "object_repr": "ajakhed123@gmail.com", "action_flag": 3, "change_message": ""}}, {"model": "admin.logentry", "pk": 14, "fields": {"action_time": "2023-04-23T23:04:43.338Z", "user": 1, "content_type": 6, "object_id": "10", "object_repr": "pravinakhed99@gmail.com", "action_flag": 3, "change_message": ""}}, {"model": "admin.logentry", "pk": 15, "fields": {"action_time": "2023-04-23T23:04:43.340Z", "user": 1, "content_type": 6, "object_id": "9", "object_repr": "ajakhed123@gmail.com", "action_flag": 3, "change_message": ""}}, {"model": "admin.logentry", "pk": 16, "fields": {"action_time": "2023-04-23T23:05:25.186Z", "user": 1, "content_type": 6, "object_id": "11", "object_repr": "ajakhed123@gmail.com", "action_flag": 3, "change_message": ""}}, {"model": "admin.logentry", "pk": 17, "fields": {"action_time": "2023-04-23T23:06:51.718Z", "user": 1, "content_type": 6, "object_id": "12", "object_repr": "ajakhed123@gmail.com", "action_flag": 3, "change_message": ""}}, {"model": "admin.logentry", "pk": 18, "fields": {"action_time": "2023-04-23T23:07:30.281Z", "user": 1, "content_type": 6, "object_id": "14", "object_repr": "pravinakhed99@gmail.com", "action_flag": 3, "change_message": ""}}, {"model": "admin.logentry", "pk": 19, "fields": {"action_time": "2023-04-23T23:07:30.285Z", "user": 1, "content_type": 6, "object_id": "13", "object_repr": "ajakhed123@gmail.com", "action_flag": 3, "change_message": ""}}, {"model": "admin.logentry", "pk": 20, "fields": {"action_time": "2023-04-24T16:43:02.626Z", "user": 1, "content_type": 8, "object_id": "2", "object_repr": "sggrr", "action_flag": 3, "change_message": ""}}, {"model": "admin.logentry", "pk": 21, "fields": {"action_time": "2023-04-24T16:43:13.557Z", "user": 1, "content_type": 6, "object_id": "16", "object_repr": "ajakhed123@gmail.com", "action_flag": 3, "change_message": ""}}, {"model": "admin.logentry", "pk": 22, "fields": {"action_time": "2023-04-24T16:43:28.885Z", "user": 1, "content_type": 6, "object_id": "15", "object_repr": "pravinakhed99@gmail.com", "action_flag": 3, "change_message": ""}}, {"model": "admin.logentry", "pk": 23, "fields": {"action_time": "2023-04-24T17:54:56.500Z", "user": 1, "content_type": 6, "object_id": "17", "object_repr": "pravinakhed99@gmail.com", "action_flag": 2, "change_message": "[{\"changed\": {\"fields\": [\"Is active\"]}}]"}}, {"model": "admin.logentry", "pk": 24, "fields": {"action_time": "2023-04-24T19:22:39.808Z", "user": 1, "content_type": 6, "object_id": "18", "object_repr": "ajakhed123@gmail.com", "action_flag": 2, "change_message": "[{\"changed\": {\"fields\": [\"Is active\"]}}]"}}, {"model": "admin.logentry", "pk": 25, "fields": {"action_time": "2023-04-24T20:52:58.671Z", "user": 1, "content_type": 6, "object_id": "18", "object_repr": "ajakhed123@gmail.com", "action_flag": 3, "change_message": ""}}, {"model": "admin.logentry", "pk": 26, "fields": {"action_time": "2023-04-24T20:52:58.674Z", "user": 1, "content_type": 6, "object_id": "17", "object_repr": "pravinakhed99@gmail.com", "action_flag": 3, "change_message": ""}}, {"model": "admin.logentry", "pk": 27, "fields": {"action_time": "2023-04-24T21:03:27.173Z", "user": 1, "content_type": 6, "object_id": "19", "object_repr": "ajakhed123@gmail.com", "action_flag": 3, "change_message": ""}}, {"model": "admin.logentry", "pk": 28, "fields": {"action_time": "2023-04-24T21:19:04.246Z", "user": 1, "content_type": 6, "object_id": "20", "object_repr": "ajakhed123@gmail.com", "action_flag": 3, "change_message": ""}}, {"model": "admin.logentry", "pk": 29, "fields": {"action_time": "2023-04-26T07:01:36.490Z", "user": 1, "content_type": 6, "object_id": "21", "object_repr": "ajakhed123@gmail.com", "action_flag": 3, "change_message": ""}}, {"model": "admin.logentry", "pk": 30, "fields": {"action_time": "2023-04-26T07:03:17.855Z", "user": 1, "content_type": 6, "object_id": "22", "object_repr": "ajakhed123@gmail.com", "action_flag": 3, "change_message": ""}}, {"model": "admin.logentry", "pk": 31, "fields": {"action_time": "2023-04-26T07:19:21.164Z", "user": 1, "content_type": 8, "object_id": "5", "object_repr": "Radhe Krishna", "action_flag": 2, "change_message": "[{\"changed\": {\"fields\": [\"Is approved\"]}}]"}}, {"model": "admin.logentry", "pk": 32, "fields": {"action_time": "2023-04-26T07:20:31.693Z", "user": 1, "content_type": 8, "object_id": "5", "object_repr": "Radhe Krishna", "action_flag": 2, "change_message": "[{\"changed\": {\"fields\": [\"Is approved\"]}}]"}}, {"model": "admin.logentry", "pk": 33, "fields": {"action_time": "2023-04-26T07:27:01.662Z", "user": 1, "content_type": 8, "object_id": "5", "object_repr": "Radhe Krishna", "action_flag": 2, "change_message": "[{\"changed\": {\"fields\": [\"Is approved\"]}}]"}}, {"model": "admin.logentry", "pk": 34, "fields": {"action_time": "2023-04-26T07:28:04.556Z", "user": 1, "content_type": 8, "object_id": "5", "object_repr": "Radhe Krishna", "action_flag": 2, "change_message": "[{\"changed\": {\"fields\": [\"Is approved\"]}}]"}}, {"model": "admin.logentry", "pk": 35, "fields": {"action_time": "2023-04-26T07:28:24.737Z", "user": 1, "content_type": 8, "object_id": "5", "object_repr": "Radhe Krishna", "action_flag": 2, "change_message": "[{\"changed\": {\"fields\": [\"Is approved\"]}}]"}}, {"model": "admin.logentry", "pk": 36, "fields": {"action_time": "2023-04-26T08:32:13.963Z", "user": 1, "content_type": 6, "object_id": "23", "object_repr": "ajakhed123@gmail.com", "action_flag": 2, "change_message": "[{\"changed\": {\"fields\": [\"Is admin\"]}}]"}}, {"model": "admin.logentry", "pk": 37, "fields": {"action_time": "2023-04-26T08:32:18.240Z", "user": 1, "content_type": 6, "object_id": "24", "object_repr": "akhedjenish123@gmail.com", "action_flag": 2, "change_message": "[{\"changed\": {\"fields\": [\"Is admin\"]}}]"}}, {"model": "admin.logentry", "pk": 38, "fields": {"action_time": "2023-04-26T08:32:35.203Z", "user": 1, "content_type": 6, "object_id": "23", "object_repr": "ajakhed123@gmail.com", "action_flag": 2, "change_message": "[{\"changed\": {\"fields\": [\"First name\"]}}]"}}, {"model": "admin.logentry", "pk": 39, "fields": {"action_time": "2023-04-26T08:33:12.528Z", "user": 1, "content_type": 7, "object_id": "24", "object_repr": "ajakhed123@gmail.com", "action_flag": 2, "change_message": "[{\"changed\": {\"fields\": [\"Profile picture\", \"Cover photo\", \"Address line 1\", \"Address line 2\", \"Country\", \"State\", \"City\", \"Pin code\"]}}]"}}, {"model": "admin.logentry", "pk": 40, "fields": {"action_time": "2023-04-26T08:44:56.931Z", "user": 1, "content_type": 6, "object_id": "23", "object_repr": "ajakhed123@gmail.com", "action_flag": 2, "change_message": "[{\"changed\": {\"fields\": [\"Is staff\", \"Is superadmin\"]}}]"}}, {"model": "admin.logentry", "pk": 41, "fields": {"action_time": "2023-04-26T08:45:39.909Z", "user": 23, "content_type": 7, "object_id": "24", "object_repr": "ajakhed123@gmail.com", "action_flag": 2, "change_message": "[{\"changed\": {\"fields\": [\"Profile picture\", \"Cover photo\"]}}]"}}, {"model": "admin.logentry", "pk": 42, "fields": {"action_time": "2023-04-26T12:41:11.386Z", "user": 23, "content_type": 7, "object_id": "24", "object_repr": "ajakhed123@gmail.com", "action_flag": 2, "change_message": "[{\"changed\": {\"fields\": [\"Address\", \"Pin code\"]}}]"}}, {"model": "admin.logentry", "pk": 43, "fields": {"action_time": "2023-04-26T17:12:00.237Z", "user": 23, "content_type": 9, "object_id": "1", "object_repr": "Pizza", "action_flag": 1, "change_message": "[{\"added\": {}}]"}}, {"model": "admin.logentry", "pk": 44, "fields": {"action_time": "2023-04-26T17:12:07.333Z", "user": 23, "content_type": 9, "object_id": "2", "object_repr": "Burger", "action_flag": 1, "change_message": "[{\"added\": {}}]"}}, {"model": "admin.logentry", "pk": 45, "fields": {"action_time": "2023-04-26T17:12:13.892Z", "user": 23, "content_type": 9, "object_id": "3", "object_repr": "Pasta", "action_flag": 1, "change_message": "[{\"added\": {}}]"}}, {"model": "admin.logentry", "pk": 46, "fields": {"action_time": "2023-04-26T17:12:21.508Z", "user": 23, "content_type": 9, "object_id": "4", "object_repr": "Sev tomato", "action_flag": 1, "change_message": "[{\"added\": {}}]"}}, {"model": "admin.logentry", "pk": 47, "fields": {"action_time": "2023-04-26T17:12:30.038Z", "user": 23, "content_type": 9, "object_id": "4", "object_repr": "Sev tomato", "action_flag": 3, "change_message": ""}}, {"model": "admin.logentry", "pk": 48, "fields": {"action_time": "2023-04-26T17:12:39.166Z", "user": 23, "content_type": 9, "object_id": "5", "object_repr": "Sabji", "action_flag": 1, "change_message": "[{\"added\": {}}]"}}, {"model": "admin.logentry", "pk": 49, "fields": {"action_time": "2023-04-26T17:21:10.647Z", "user": 23, "content_type": 10, "object_id": "1", "object_repr": "Cheese MAcroni", "action_flag": 1, "change_message": "[{\"added\": {}}]"}}, {"model": "admin.logentry", "pk": 50, "fields": {"action_time": "2023-04-26T17:21:38.884Z", "user": 23, "content_type": 10, "object_id": "2", "object_repr": "Mc Supreme Cheese", "action_flag": 1, "change_message": "[{\"added\": {}}]"}}, {"model": "admin.logentry", "pk": 51, "fields": {"action_time": "2023-04-26T17:22:06.170Z", "user": 23, "content_type": 10, "object_id": "3", "object_repr": "Pink Sauce", "action_flag": 1, "change_message": "[{\"added\": {}}]"}}, {"model": "admin.logentry", "pk": 52, "fields": {"action_time": "2023-04-26T17:22:37.066Z", "user": 23, "content_type": 10, "object_id": "4", "object_repr": "Veg Tandoori", "action_flag": 1, "change_message": "[{\"added\": {}}]"}}, {"model": "admin.logentry", "pk": 53, "fields": {"action_time": "2023-04-26T17:23:16.945Z", "user": 23, "content_type": 10, "object_id": "5", "object_repr": "Burn to Hell", "action_flag": 1, "change_message": "[{\"added\": {}}]"}}, {"model": "admin.logentry", "pk": 54, "fields": {"action_time": "2023-04-26T17:23:46.368Z", "user": 23, "content_type": 10, "object_id": "6", "object_repr": "Veg Burger", "action_flag": 1, "change_message": "[{\"added\": {}}]"}}, {"model": "admin.logentry", "pk": 55, "fields": {"action_time": "2023-04-26T18:17:29.719Z", "user": 23, "content_type": 9, "object_id": "6", "object_repr": "Rice", "action_flag": 2, "change_message": "[{\"changed\": {\"fields\": [\"Description\"]}}]"}}, {"model": "admin.logentry", "pk": 56, "fields": {"action_time": "2023-04-26T18:28:44.738Z", "user": 23, "content_type": 9, "object_id": "10", "object_repr": "Pizza", "action_flag": 3, "change_message": ""}}, {"model": "admin.logentry", "pk": 57, "fields": {"action_time": "2023-04-26T18:28:44.741Z", "user": 23, "content_type": 9, "object_id": "9", "object_repr": "Burger", "action_flag": 3, "change_message": ""}}, {"model": "admin.logentry", "pk": 58, "fields": {"action_time": "2023-04-26T18:28:44.743Z", "user": 23, "content_type": 9, "object_id": "8", "object_repr": "Pizza", "action_flag": 3, "change_message": ""}}, {"model": "admin.logentry", "pk": 59, "fields": {"action_time": "2023-04-26T18:28:44.743Z", "user": 23, "content_type": 9, "object_id": "7", "object_repr": "Pizza", "action_flag": 3, "change_message": ""}}, {"model": "admin.logentry", "pk": 60, "fields": {"action_time": "2023-04-26T19:32:13.523Z", "user": 23, "content_type": 6, "object_id": "24", "object_repr": "akhedjenish123@gmail.com", "action_flag": 3, "change_message": ""}}, {"model": "admin.logentry", "pk": 61, "fields": {"action_time": "2023-04-26T19:35:10.986Z", "user": 23, "content_type": 7, "object_id": "26", "object_repr": "akhedjenish123@gmail.com", "action_flag": 2, "change_message": "[{\"changed\": {\"fields\": [\"Profile picture\"]}}]"}}, {"model": "admin.logentry", "pk": 62, "fields": {"action_time": "2023-04-26T20:29:30.412Z", "user": 23, "content_type": 8, "object_id": "6", "object_repr": "Qwerty", "action_flag": 2, "change_message": "[{\"changed\": {\"fields\": [\"Is approved\"]}}]"}}, {"model": "admin.logentry", "pk": 63, "fields": {"action_time": "2023-04-26T20:56:58.027Z", "user": 23, "content_type": 8, "object_id": "6", "object_repr": "Qwerty", "action_flag": 2, "change_message": "[{\"changed\": {\"fields\": [\"Vendor slug\"]}}]"}}, {"model": "admin.logentry", "pk": 64, "fields": {"action_time": "2023-04-26T20:57:05.142Z", "user": 23, "content_type": 8, "object_id": "5", "object_repr": "Radhe Krishna Sales Agency", "action_flag": 2, "change_message": "[{\"changed\": {\"fields\": [\"Vendor slug\"]}}]"}}, {"model": "admin.logentry", "pk": 65, "fields": {"action_time": "2023-04-26T21:01:23.428Z", "user": 23, "content_type": 8, "object_id": "7", "object_repr": "Ramulo", "action_flag": 3, "change_message": ""}}, {"model": "admin.logentry", "pk": 66, "fields": {"action_time": "2023-04-27T10:52:36.634Z", "user": 23, "content_type": 8, "object_id": "10", "object_repr": "Radhe Gola", "action_flag": 2, "change_message": "[{\"changed\": {\"fields\": [\"Is approved\"]}}]"}}, {"model": "admin.logentry", "pk": 67, "fields": {"action_time": "2023-04-27T10:52:40.605Z", "user": 23, "content_type": 8, "object_id": "9", "object_repr": "Bissmillah", "action_flag": 2, "change_message": "[{\"changed\": {\"fields\": [\"Is approved\"]}}]"}}, {"model": "admin.logentry", "pk": 68, "fields": {"action_time": "2023-04-27T10:52:44.868Z", "user": 23, "content_type": 8, "object_id": "8", "object_repr": "THIRD RESTAURANT", "action_flag": 2, "change_message": "[{\"changed\": {\"fields\": [\"Is approved\"]}}]"}}, {"model": "admin.logentry", "pk": 69, "fields": {"action_time": "2023-04-27T10:52:47.729Z", "user": 23, "content_type": 6, "object_id": "29", "object_repr": "radhegola123@gmail.com", "action_flag": 2, "change_message": "[{\"changed\": {\"fields\": [\"Is active\"]}}]"}}, {"model": "admin.logentry", "pk": 70, "fields": {"action_time": "2023-04-27T10:52:51.853Z", "user": 23, "content_type": 6, "object_id": "28", "object_repr": "test456@gmail.com", "action_flag": 2, "change_message": "[{\"changed\": {\"fields\": [\"Is active\"]}}]"}}, {"model": "admin.logentry", "pk": 71, "fields": {"action_time": "2023-04-27T10:52:56.301Z", "user": 23, "content_type": 6, "object_id": "27", "object_repr": "test123@gmail.com", "action_flag": 2, "change_message": "[{\"changed\": {\"fields\": [\"Is active\"]}}]"}}, {"model": "admin.logentry", "pk": 72, "fields": {"action_time": "2023-04-27T10:52:59.699Z", "user": 23, "content_type": 6, "object_id": "27", "object_repr": "test123@gmail.com", "action_flag": 2, "change_message": "[]"}}, {"model": "admin.logentry", "pk": 73, "fields": {"action_time": "2023-04-27T10:53:03.826Z", "user": 23, "content_type": 6, "object_id": "26", "object_repr": "test1@gmail.com", "action_flag": 2, "change_message": "[{\"changed\": {\"fields\": [\"Is active\"]}}]"}}, {"model": "admin.logentry", "pk": 74, "fields": {"action_time": "2023-04-27T11:04:02.516Z", "user": 23, "content_type": 9, "object_id": "18", "object_repr": "Burger", "action_flag": 3, "change_message": ""}}, {"model": "admin.logentry", "pk": 75, "fields": {"action_time": "2023-04-27T11:04:02.518Z", "user": 23, "content_type": 9, "object_id": "13", "object_repr": "Burger2", "action_flag": 3, "change_message": ""}}, {"model": "admin.logentry", "pk": 76, "fields": {"action_time": "2023-04-27T11:04:11.252Z", "user": 23, "content_type": 10, "object_id": "6", "object_repr": "Veg Burger", "action_flag": 2, "change_message": "[{\"changed\": {\"fields\": [\"Is available\"]}}]"}}, {"model": "admin.logentry", "pk": 77, "fields": {"action_time": "2023-04-27T11:04:30.187Z", "user": 23, "content_type": 9, "object_id": "20", "object_repr": "Sev tomato", "action_flag": 1, "change_message": "[{\"added\": {}}]"}}, {"model": "admin.logentry", "pk": 78, "fields": {"action_time": "2023-04-27T11:04:46.168Z", "user": 23, "content_type": 9, "object_id": "21", "object_repr": "Masala chass", "action_flag": 1, "change_message": "[{\"added\": {}}]"}}, {"model": "admin.logentry", "pk": 79, "fields": {"action_time": "2023-04-27T11:05:11.491Z", "user": 23, "content_type": 9, "object_id": "22", "object_repr": "Khaman", "action_flag": 1, "change_message": "[{\"added\": {}}]"}}, {"model": "admin.logentry", "pk": 80, "fields": {"action_time": "2023-04-27T11:05:37.885Z", "user": 23, "content_type": 9, "object_id": "20", "object_repr": "Sabji", "action_flag": 2, "change_message": "[{\"changed\": {\"fields\": [\"Category name\", \"Slug\"]}}]"}}, {"model": "admin.logentry", "pk": 81, "fields": {"action_time": "2023-04-27T15:46:17.541Z", "user": 23, "content_type": 7, "object_id": "24", "object_repr": "ajakhed123@gmail.com", "action_flag": 2, "change_message": "[{\"changed\": {\"fields\": [\"Location\"]}}]"}}, {"model": "admin.logentry", "pk": 82, "fields": {"action_time": "2023-04-27T15:47:03.128Z", "user": 23, "content_type": 7, "object_id": "26", "object_repr": "akhedjenish123@gmail.com", "action_flag": 2, "change_message": "[]"}}, {"model": "admin.logentry", "pk": 83, "fields": {"action_time": "2023-04-27T15:47:12.366Z", "user": 23, "content_type": 7, "object_id": "28", "object_repr": "test123@gmail.com", "action_flag": 2, "change_message": "[]"}}, {"model": "admin.logentry", "pk": 84, "fields": {"action_time": "2023-04-27T15:47:36.812Z", "user": 23, "content_type": 6, "object_id": "26", "object_repr": "test1@gmail.com", "action_flag": 3, "change_message": ""}}, {"model": "admin.logentry", "pk": 85, "fields": {"action_time": "2023-04-27T15:47:44.718Z", "user": 23, "content_type": 7, "object_id": "28", "object_repr": "test123@gmail.com", "action_flag": 2, "change_message": "[]"}}, {"model": "admin.logentry", "pk": 86, "fields": {"action_time": "2023-04-27T15:47:48.369Z", "user": 23, "content_type": 7, "object_id": "29", "object_repr": "test456@gmail.com", "action_flag": 2, "change_message": "[]"}}, {"model": "admin.logentry", "pk": 87, "fields": {"action_time": "2023-04-27T15:47:51.444Z", "user": 23, "content_type": 7, "object_id": "30", "object_repr": "radhegola123@gmail.com", "action_flag": 2, "change_message": "[]"}}, {"model": "admin.logentry", "pk": 88, "fields": {"action_time": "2023-04-27T20:21:13.908Z", "user": 23, "content_type": 11, "object_id": "1", "object_repr": "CGST", "action_flag": 1, "change_message": "[{\"added\": {}}]"}}, {"model": "admin.logentry", "pk": 89, "fields": {"action_time": "2023-04-27T20:21:22.853Z", "user": 23, "content_type": 11, "object_id": "2", "object_repr": "SGST", "action_flag": 1, "change_message": "[{\"added\": {}}]"}}, {"model": "admin.logentry", "pk": 90, "fields": {"action_time": "2023-04-27T22:16:04.079Z", "user": 23, "content_type": 8, "object_id": "11", "object_repr": "Shrut's Food", "action_flag": 2, "change_message": "[{\"changed\": {\"fields\": [\"Is approved\"]}}]"}}, {"model": "admin.logentry", "pk": 91, "fields": {"action_time": "2023-04-27T22:18:02.484Z", "user": 23, "content_type": 6, "object_id": "31", "object_repr": "shrutipavasiya1701002@gmail.com", "action_flag": 2, "change_message": "[{\"changed\": {\"fields\": [\"Is active\"]}}]"}}, {"model": "admin.logentry", "pk": 92, "fields": {"action_time": "2023-04-27T22:57:13.764Z", "user": 23, "content_type": 6, "object_id": "31", "object_repr": "shrutipavasiya1701002@gmail.com", "action_flag": 2, "change_message": "[{\"changed\": {\"fields\": [\"Is admin\", \"Is staff\", \"Is superadmin\"]}}]"}}, {"model": "admin.logentry", "pk": 93, "fields": {"action_time": "2023-04-28T00:14:57.398Z", "user": 31, "content_type": 15, "object_id": "8", "object_repr": "", "action_flag": 3, "change_message": ""}}, {"model": "admin.logentry", "pk": 94, "fields": {"action_time": "2023-04-28T00:14:57.401Z", "user": 31, "content_type": 15, "object_id": "7", "object_repr": "", "action_flag": 3, "change_message": ""}}, {"model": "admin.logentry", "pk": 95, "fields": {"action_time": "2023-04-28T00:14:57.406Z", "user": 31, "content_type": 15, "object_id": "6", "object_repr": "", "action_flag": 3, "change_message": ""}}, {"model": "admin.logentry", "pk": 96, "fields": {"action_time": "2023-04-28T00:14:57.409Z", "user": 31, "content_type": 15, "object_id": "5", "object_repr": "", "action_flag": 3, "change_message": ""}}, {"model": "admin.logentry", "pk": 97, "fields": {"action_time": "2023-04-28T00:14:57.410Z", "user": 31, "content_type": 15, "object_id": "4", "object_repr": "", "action_flag": 3, "change_message": ""}}, {"model": "admin.logentry", "pk": 98, "fields": {"action_time": "2023-04-28T00:14:57.414Z", "user": 31, "content_type": 15, "object_id": "3", "object_repr": "", "action_flag": 3, "change_message": ""}}, {"model": "admin.logentry", "pk": 99, "fields": {"action_time": "2023-04-28T00:14:57.416Z", "user": 31, "content_type": 15, "object_id": "2", "object_repr": "", "action_flag": 3, "change_message": ""}}, {"model": "admin.logentry", "pk": 100, "fields": {"action_time": "2023-04-28T00:14:57.417Z", "user": 31, "content_type": 15, "object_id": "1", "object_repr": "", "action_flag": 3, "change_message": ""}}, {"model": "admin.logentry", "pk": 101, "fields": {"action_time": "2023-04-28T01:46:06.564Z", "user": 31, "content_type": 8, "object_id": "6", "object_repr": "Qwerty", "action_flag": 3, "change_message": ""}}, {"model": "admin.logentry", "pk": 102, "fields": {"action_time": "2023-04-28T01:46:19.786Z", "user": 31, "content_type": 6, "object_id": "25", "object_repr": "akhedjenish123@gmail.com", "action_flag": 2, "change_message": "[{\"changed\": {\"fields\": [\"Role\"]}}]"}}, {"model": "admin.logentry", "pk": 103, "fields": {"action_time": "2023-04-28T01:48:04.228Z", "user": 23, "content_type": 6, "object_id": "25", "object_repr": "akhedjenish123@gmail.com", "action_flag": 2, "change_message": "[{\"changed\": {\"fields\": [\"Is admin\", \"Is staff\", \"Is superadmin\"]}}]"}}, {"model": "admin.logentry", "pk": 105, "fields": {"action_time": "2023-04-28T01:50:42.614Z", "user": 23, "content_type": 6, "object_id": "32", "object_repr": "akhedjenish123@gmail.com", "action_flag": 2, "change_message": "[{\"changed\": {\"fields\": [\"Is admin\", \"Is staff\", \"Is active\", \"Is superadmin\"]}}]"}}, {"model": "admin.logentry", "pk": 106, "fields": {"action_time": "2023-04-29T12:12:29.580Z", "user": 23, "content_type": 6, "object_id": "33", "object_repr": "pravinakhed99@gmail.com", "action_flag": 3, "change_message": ""}}, {"model": "admin.logentry", "pk": 107, "fields": {"action_time": "2023-04-29T13:36:39.675Z", "user": 23, "content_type": 8, "object_id": "12", "object_repr": "Nothing", "action_flag": 2, "change_message": "[{\"changed\": {\"fields\": [\"Is approved\"]}}]"}}, {"model": "auth.permission", "pk": 1, "fields": {"name": "Can add log entry", "content_type": 1, "codename": "add_logentry"}}, {"model": "auth.permission", "pk": 2, "fields": {"name": "Can change log entry", "content_type": 1, "codename": "change_logentry"}}, {"model": "auth.permission", "pk": 3, "fields": {"name": "Can delete log entry", "content_type": 1, "codename": "delete_logentry"}}, {"model": "auth.permission", "pk": 4, "fields": {"name": "Can view log entry", "content_type": 1, "codename": "view_logentry"}}, {"model": "auth.permission", "pk": 5, "fields": {"name": "Can add permission", "content_type": 2, "codename": "add_permission"}}, {"model": "auth.permission", "pk": 6, "fields": {"name": "Can change permission", "content_type": 2, "codename": "change_permission"}}, {"model": "auth.permission", "pk": 7, "fields": {"name": "Can delete permission", "content_type": 2, "codename": "delete_permission"}}, {"model": "auth.permission", "pk": 8, "fields": {"name": "Can view permission", "content_type": 2, "codename": "view_permission"}}, {"model": "auth.permission", "pk": 9, "fields": {"name": "Can add group", "content_type": 3, "codename": "add_group"}}, {"model": "auth.permission", "pk": 10, "fields": {"name": "Can change group", "content_type": 3, "codename": "change_group"}}, {"model": "auth.permission", "pk": 11, "fields": {"name": "Can delete group", "content_type": 3, "codename": "delete_group"}}, {"model": "auth.permission", "pk": 12, "fields": {"name": "Can view group", "content_type": 3, "codename": "view_group"}}, {"model": "auth.permission", "pk": 13, "fields": {"name": "Can add content type", "content_type": 4, "codename": "add_contenttype"}}, {"model": "auth.permission", "pk": 14, "fields": {"name": "Can change content type", "content_type": 4, "codename": "change_contenttype"}}, {"model": "auth.permission", "pk": 15, "fields": {"name": "Can delete content type", "content_type": 4, "codename": "delete_contenttype"}}, {"model": "auth.permission", "pk": 16, "fields": {"name": "Can view content type", "content_type": 4, "codename": "view_contenttype"}}, {"model": "auth.permission", "pk": 17, "fields": {"name": "Can add session", "content_type": 5, "codename": "add_session"}}, {"model": "auth.permission", "pk": 18, "fields": {"name": "Can change session", "content_type": 5, "codename": "change_session"}}, {"model": "auth.permission", "pk": 19, "fields": {"name": "Can delete session", "content_type": 5, "codename": "delete_session"}}, {"model": "auth.permission", "pk": 20, "fields": {"name": "Can view session", "content_type": 5, "codename": "view_session"}}, {"model": "auth.permission", "pk": 21, "fields": {"name": "Can add user", "content_type": 6, "codename": "add_user"}}, {"model": "auth.permission", "pk": 22, "fields": {"name": "Can change user", "content_type": 6, "codename": "change_user"}}, {"model": "auth.permission", "pk": 23, "fields": {"name": "Can delete user", "content_type": 6, "codename": "delete_user"}}, {"model": "auth.permission", "pk": 24, "fields": {"name": "Can view user", "content_type": 6, "codename": "view_user"}}, {"model": "auth.permission", "pk": 25, "fields": {"name": "Can add user profile", "content_type": 7, "codename": "add_userprofile"}}, {"model": "auth.permission", "pk": 26, "fields": {"name": "Can change user profile", "content_type": 7, "codename": "change_userprofile"}}, {"model": "auth.permission", "pk": 27, "fields": {"name": "Can delete user profile", "content_type": 7, "codename": "delete_userprofile"}}, {"model": "auth.permission", "pk": 28, "fields": {"name": "Can view user profile", "content_type": 7, "codename": "view_userprofile"}}, {"model": "auth.permission", "pk": 29, "fields": {"name": "Can add vendor", "content_type": 8, "codename": "add_vendor"}}, {"model": "auth.permission", "pk": 30, "fields": {"name": "Can change vendor", "content_type": 8, "codename": "change_vendor"}}, {"model": "auth.permission", "pk": 31, "fields": {"name": "Can delete vendor", "content_type": 8, "codename": "delete_vendor"}}, {"model": "auth.permission", "pk": 32, "fields": {"name": "Can view vendor", "content_type": 8, "codename": "view_vendor"}}, {"model": "auth.permission", "pk": 33, "fields": {"name": "Can add category", "content_type": 9, "codename": "add_category"}}, {"model": "auth.permission", "pk": 34, "fields": {"name": "Can change category", "content_type": 9, "codename": "change_category"}}, {"model": "auth.permission", "pk": 35, "fields": {"name": "Can delete category", "content_type": 9, "codename": "delete_category"}}, {"model": "auth.permission", "pk": 36, "fields": {"name": "Can view category", "content_type": 9, "codename": "view_category"}}, {"model": "auth.permission", "pk": 37, "fields": {"name": "Can add food item", "content_type": 10, "codename": "add_fooditem"}}, {"model": "auth.permission", "pk": 38, "fields": {"name": "Can change food item", "content_type": 10, "codename": "change_fooditem"}}, {"model": "auth.permission", "pk": 39, "fields": {"name": "Can delete food item", "content_type": 10, "codename": "delete_fooditem"}}, {"model": "auth.permission", "pk": 40, "fields": {"name": "Can view food item", "content_type": 10, "codename": "view_fooditem"}}, {"model": "auth.permission", "pk": 41, "fields": {"name": "Can add tax", "content_type": 11, "codename": "add_tax"}}, {"model": "auth.permission", "pk": 42, "fields": {"name": "Can change tax", "content_type": 11, "codename": "change_tax"}}, {"model": "auth.permission", "pk": 43, "fields": {"name": "Can delete tax", "content_type": 11, "codename": "delete_tax"}}, {"model": "auth.permission", "pk": 44, "fields": {"name": "Can view tax", "content_type": 11, "codename": "view_tax"}}, {"model": "auth.permission", "pk": 45, "fields": {"name": "Can add cart", "content_type": 12, "codename": "add_cart"}}, {"model": "auth.permission", "pk": 46, "fields": {"name": "Can change cart", "content_type": 12, "codename": "change_cart"}}, {"model": "auth.permission", "pk": 47, "fields": {"name": "Can delete cart", "content_type": 12, "codename": "delete_cart"}}, {"model": "auth.permission", "pk": 48, "fields": {"name": "Can view cart", "content_type": 12, "codename": "view_cart"}}, {"model": "auth.permission", "pk": 49, "fields": {"name": "Can add opening hour", "content_type": 13, "codename": "add_openinghour"}}, {"model": "auth.permission", "pk": 50, "fields": {"name": "Can change opening hour", "content_type": 13, "codename": "change_openinghour"}}, {"model": "auth.permission", "pk": 51, "fields": {"name": "Can delete opening hour", "content_type": 13, "codename": "delete_openinghour"}}, {"model": "auth.permission", "pk": 52, "fields": {"name": "Can view opening hour", "content_type": 13, "codename": "view_openinghour"}}, {"model": "auth.permission", "pk": 53, "fields": {"name": "Can add payment", "content_type": 14, "codename": "add_payment"}}, {"model": "auth.permission", "pk": 54, "fields": {"name": "Can change payment", "content_type": 14, "codename": "change_payment"}}, {"model": "auth.permission", "pk": 55, "fields": {"name": "Can delete payment", "content_type": 14, "codename": "delete_payment"}}, {"model": "auth.permission", "pk": 56, "fields": {"name": "Can view payment", "content_type": 14, "codename": "view_payment"}}, {"model": "auth.permission", "pk": 57, "fields": {"name": "Can add order", "content_type": 15, "codename": "add_order"}}, {"model": "auth.permission", "pk": 58, "fields": {"name": "Can change order", "content_type": 15, "codename": "change_order"}}, {"model": "auth.permission", "pk": 59, "fields": {"name": "Can delete order", "content_type": 15, "codename": "delete_order"}}, {"model": "auth.permission", "pk": 60, "fields": {"name": "Can view order", "content_type": 15, "codename": "view_order"}}, {"model": "auth.permission", "pk": 61, "fields": {"name": "Can add ordered food", "content_type": 16, "codename": "add_orderedfood"}}, {"model": "auth.permission", "pk": 62, "fields": {"name": "Can change ordered food", "content_type": 16, "codename": "change_orderedfood"}}, {"model": "auth.permission", "pk": 63, "fields": {"name": "Can delete ordered food", "content_type": 16, "codename": "delete_orderedfood"}}, {"model": "auth.permission", "pk": 64, "fields": {"name": "Can view ordered food", "content_type": 16, "codename": "view_orderedfood"}}, {"model": "contenttypes.contenttype", "pk": 1, "fields": {"app_label": "admin", "model": "logentry"}}, {"model": "contenttypes.contenttype", "pk": 2, "fields": {"app_label": "auth", "model": "permission"}}, {"model": "contenttypes.contenttype", "pk": 3, "fields": {"app_label": "auth", "model": "group"}}, {"model": "contenttypes.contenttype", "pk": 4, "fields": {"app_label": "contenttypes", "model": "contenttype"}}, {"model": "contenttypes.contenttype", "pk": 5, "fields": {"app_label": "sessions", "model": "session"}}, {"model": "contenttypes.contenttype", "pk": 6, "fields": {"app_label": "accounts", "model": "user"}}, {"model": "contenttypes.contenttype", "pk": 7, "fields": {"app_label": "accounts", "model": "userprofile"}}, {"model": "contenttypes.contenttype", "pk": 8, "fields": {"app_label": "vendor", "model": "vendor"}}, {"model": "contenttypes.contenttype", "pk": 9, "fields": {"app_label": "menu", "model": "category"}}, {"model": "contenttypes.contenttype", "pk": 10, "fields": {"app_label": "menu", "model": "fooditem"}}, {"model": "contenttypes.contenttype", "pk": 11, "fields": {"app_label": "marketplace", "model": "tax"}}, {"model": "contenttypes.contenttype", "pk": 12, "fields": {"app_label": "marketplace", "model": "cart"}}, {"model": "contenttypes.contenttype", "pk": 13, "fields": {"app_label": "vendor", "model": "openinghour"}}, {"model": "contenttypes.contenttype", "pk": 14, "fields": {"app_label": "orders", "model": "payment"}}, {"model": "contenttypes.contenttype", "pk": 15, "fields": {"app_label": "orders", "model": "order"}}, {"model": "contenttypes.contenttype", "pk": 16, "fields": {"app_label": "orders", "model": "orderedfood"}}, {"model": "sessions.session", "pk": "122pleo8azre38pftj2sepxy1fi48qir", "fields": {"session_data": ".eJxVjMsOwiAQAP-FsyHLoy149N5vIOwuSNXQpLQn478bkh70OjOZtwjx2Es4WtrCwuIqtBGXX4iRnql2w49Y76ukte7bgrIn8rRNziun1-1s_wYlttK_eQJHQKhwyF4jMo_sXTajdWRNMo4dAGhAk4BY5Yw8JARnrfJkJ_H5Ahj-OFs:1pskVM:MbKcrt83pgj03ql3sFEHElXy6-m_VTdH6Teoy7H-NQw", "expire_date": "2023-05-13T13:20:48.177Z"}}, {"model": "sessions.session", "pk": "43ex1yvfq26j6f57v4o0yvgx7626nrbp", "fields": {"session_data": ".eJxVjDkOwjAQAP_iGlnrK15T0vOGyOu1k0CUSDkqxN-JUQpoZ0bzEm3ct77d17y0A4ur0EZcfiHF9MxTNfyIUzfLNE_bMpCsiTztKu8z5_F2tn-DPq59_RYPmCCRIleCJmJuOGAxjcVkTTbICAAayGRIrEohdpkArVUhWX9Mx7jVkZIqGO_wi6buQF5LdMFq24j3BxfSQM8:1ps8ZG:qdPBx150VuweEQQ6QyBs_MFU0NuaZaLojjUm5PH-aBE", "expire_date": "2023-05-11T20:50:18.978Z"}}, {"model": "sessions.session", "pk": "dxak8cxzge7lnfti72x13rfxuisnxmpk", "fields": {"session_data": ".eJxVjMsOwiAQAP-FsyHLoy149N5vIOwuSNXQpLQn478bkh70OjOZtwjx2Es4WtrCwuIqtBGXX4iRnql2w49Y76ukte7bgrIn8rRNziun1-1s_wYlttK_eQJHQKhwyF4jMo_sXTajdWRNMo4dAGhAk4BY5Yw8JARnrfJkJ_H5Ahj-OFs:1psEe1:1YIgbIb3pDk0StBNbcg1x24id67350R3baspUunRpcw", "expire_date": "2023-05-12T03:19:37.090Z"}}, {"model": "sessions.session", "pk": "l9zjk6cvthb6ko6xdnl3u4w4t1cp5jxc", "fields": {"session_data": "eyJsYXQiOiIyMS4xOTM3NTc2IiwibG5nIjoiNzIuODU5NDI2NSJ9:1ps6RB:B6L0RrcXK_fN_CGNXzD8Xhii-oaNYupmNDr_MqhQ_34", "expire_date": "2023-05-11T18:33:49.837Z"}}, {"model": "accounts.user", "pk": 1, "fields": {"password": "pbkdf2_sha256$320000$ffZNRmimhEg7TksPfSE5lY$m+pogBRf4xTzm+hfbdbLwpVVl4B70iOb67sCHaDU+3o=", "first_name": "Jenish", "last_name": "Akhed", "username": "ajakhed", "email": "developer.jenish@gmail.com", "phone_number": "", "role": null, "date_joined": "2023-04-23T17:24:17.817Z", "last_login": "2023-04-26T08:44:47.564Z", "created_date": "2023-04-23T17:24:17.817Z", "modified_date": "2023-04-23T17:24:17.821Z", "is_admin": true, "is_staff": true, "is_active": true, "is_superadmin": true}}, {"model": "accounts.user", "pk": 23, "fields": {"password": "pbkdf2_sha256$320000$kNse08meXDrbF47hwwVZxk$D8uvrGwISZb4XGoLzRN9C/KQsNP/LcJLY/Kd+MbOdlw=", "first_name": "Jenish", "last_name": "Akhed", "username": "aj1990", "email": "ajakhed123@gmail.com", "phone_number": "", "role": 1, "date_joined": "2023-04-26T07:04:07.859Z", "last_login": "2023-04-29T13:20:48.137Z", "created_date": "2023-04-26T07:04:07.859Z", "modified_date": "2023-04-26T08:44:56.928Z", "is_admin": true, "is_staff": true, "is_active": true, "is_superadmin": true}}, {"model": "accounts.user", "pk": 27, "fields": {"password": "pbkdf2_sha256$320000$WX5wCp22PUPHElhqaQutop$bcjk1JZMt64s+a5EWVR38505B4ANqFPil3DCqpyenQU=", "first_name": "THird", "last_name": "Rest", "username": "skdbhvds", "email": "test123@gmail.com", "phone_number": "", "role": 1, "date_joined": "2023-04-27T10:50:24.838Z", "last_login": "2023-04-29T11:46:02.098Z", "created_date": "2023-04-27T10:50:24.838Z", "modified_date": "2023-04-27T10:52:59.695Z", "is_admin": false, "is_staff": false, "is_active": true, "is_superadmin": false}}, {"model": "accounts.user", "pk": 28, "fields": {"password": "pbkdf2_sha256$320000$b1gZlkS3lMLpmQY8VFtmPi$d0SGG0z4lHZLNS966emEuJmcX0UFDFVrc6bZDWLfpJA=", "first_name": "qwrt", "last_name": "rosa", "username": "akba", "email": "test456@gmail.com", "phone_number": "", "role": 1, "date_joined": "2023-04-27T10:51:02.438Z", "last_login": "2023-04-29T11:46:11.069Z", "created_date": "2023-04-27T10:51:02.438Z", "modified_date": "2023-04-27T10:52:51.850Z", "is_admin": false, "is_staff": false, "is_active": true, "is_superadmin": false}}, {"model": "accounts.user", "pk": 29, "fields": {"password": "pbkdf2_sha256$320000$61aKFl7UIEVtXvEW8N2QnZ$/356EowrjQr7x7QDNiHiGV1G4juiaL2proJzXX2pkNk=", "first_name": "gola", "last_name": "wala", "username": "afafaf", "email": "radhegola123@gmail.com", "phone_number": "", "role": 1, "date_joined": "2023-04-27T10:52:17.571Z", "last_login": "2023-04-27T19:44:43.370Z", "created_date": "2023-04-27T10:52:17.571Z", "modified_date": "2023-04-27T10:52:47.726Z", "is_admin": false, "is_staff": false, "is_active": true, "is_superadmin": false}}, {"model": "accounts.user", "pk": 30, "fields": {"password": "pbkdf2_sha256$320000$EdkLcryJyrz7pPp7Mo0eG8$CVZXfTUqq0fTLeVGpzV86yz4/usFk2NNo0PibVkr0jA=", "first_name": "Shruti", "last_name": "Pavasiya", "username": "shruti_1701", "email": "shrutipavasiya17012002@gmail.com", "phone_number": "", "role": 1, "date_joined": "2023-04-27T21:59:07.358Z", "last_login": "2023-04-29T11:43:28.814Z", "created_date": "2023-04-27T21:59:07.358Z", "modified_date": "2023-04-27T21:59:41.968Z", "is_admin": false, "is_staff": false, "is_active": true, "is_superadmin": false}}, {"model": "accounts.user", "pk": 31, "fields": {"password": "pbkdf2_sha256$320000$X16X0ARxQ0A8e67N6BfCjO$CY0nSFOnyIRHOvtgLx4x5yVR5TASFA3NUtc48v3BA5U=", "first_name": "Shruti", "last_name": "Pavasiya", "username": "shruts", "email": "shrutipavasiya1701002@gmail.com", "phone_number": "919891891829", "role": 2, "date_joined": "2023-04-27T22:17:42.999Z", "last_login": "2023-04-29T11:53:47.422Z", "created_date": "2023-04-27T22:17:42.999Z", "modified_date": "2023-04-27T23:05:59.321Z", "is_admin": true, "is_staff": true, "is_active": true, "is_superadmin": true}}, {"model": "accounts.user", "pk": 32, "fields": {"password": "pbkdf2_sha256$320000$xoimiQV4gyUX0VZnYpawHB$xbb3B9Kp+Ku14i/VVwmUfgHnN+lwXqvMMqSuFVOE2U0=", "first_name": "Jenish", "last_name": "Akhed", "username": "jenish1990", "email": "akhedjenish123@gmail.com", "phone_number": "07041921440", "role": 2, "date_joined": "2023-04-28T01:50:21.245Z", "last_login": "2023-04-28T03:13:45.990Z", "created_date": "2023-04-28T01:50:21.245Z", "modified_date": "2023-04-28T01:51:40.518Z", "is_admin": true, "is_staff": true, "is_active": true, "is_superadmin": true}}, {"model": "accounts.user", "pk": 34, "fields": {"password": "pbkdf2_sha256$320000$osF9biau4nXiUso4UmEgdD$pjZIpPAkiq105kXM6pDo27cAW15qMr9pkUfF1nKL0KY=", "first_name": "Darshan", "last_name": "Moradiya", "username": "aj", "email": "pravinakhed99@gmail.com", "phone_number": "", "role": 1, "date_joined": "2023-04-29T12:14:24.028Z", "last_login": "2023-04-29T12:14:50.331Z", "created_date": "2023-04-29T12:14:24.028Z", "modified_date": "2023-04-29T12:14:40.812Z", "is_admin": false, "is_staff": false, "is_active": true, "is_superadmin": false}}, {"model": "accounts.userprofile", "pk": 1, "fields": {"user": 1, "profile_picture": "users/profile_pictures/190420107001_JenishAkhed.jpg", "cover_photo": "users/cover_photos/RAJ_8287.jpeg", "address": null, "country": null, "state": null, "city": null, "pin_code": null, "latitude": null, "longitude": null, "location": null, "created_at": "2023-04-23T18:21:23.361Z", "modified_at": "2023-04-26T08:44:47.566Z"}}, {"model": "accounts.userprofile", "pk": 24, "fields": {"user": 23, "profile_picture": "users/profile_pictures/profile-picture-3_hZ9Z6IP.PNG", "cover_photo": "users/cover_photos/cover-photo-4.PNG", "address": "Laxmi Enclave 2, Gajera Cir, Rajanand Society, Mahavir Nagar Society, Patel Nagar, Surat, Gujarat, India", "country": "India", "state": "Gujarat", "city": "Surat", "pin_code": "395004", "latitude": "21.2320275", "longitude": "72.83650659999999", "location": "SRID=4326;POINT (72.83650659999999 21.2320275)", "created_at": "2023-04-26T07:04:07.864Z", "modified_at": "2023-04-29T13:20:48.174Z"}}, {"model": "accounts.userprofile", "pk": 28, "fields": {"user": 27, "profile_picture": "users/profile_pictures/profile-picture-2.PNG", "cover_photo": "users/cover_photos/cover-photo-4_1gCpoUK.PNG", "address": "Thane West, Mumbai, Maharashtra, India", "country": "India", "state": "Maharashtra", "city": "Mumbai", "pin_code": null, "latitude": "19.2467218", "longitude": "72.9759713", "location": "SRID=4326;POINT (72.9759713 19.2467218)", "created_at": "2023-04-27T10:50:24.840Z", "modified_at": "2023-04-29T11:46:02.137Z"}}, {"model": "accounts.userprofile", "pk": 29, "fields": {"user": 28, "profile_picture": "users/profile_pictures/profile-picture-5.PNG", "cover_photo": "users/cover_photos/cover-photo-2_3WgASYx.PNG", "address": "Saptarshi Row House, Aai Mata Road, Amidhara Society, Bhagyoday Industrial Estate, Parvat Patiya, Surat, Gujarat, India", "country": "India", "state": "Gujarat", "city": "Surat", "pin_code": "395010", "latitude": "21.1942706", "longitude": "72.860208", "location": "SRID=4326;POINT (72.860208 21.1942706)", "created_at": "2023-04-27T10:51:02.441Z", "modified_at": "2023-04-29T11:46:11.105Z"}}, {"model": "accounts.userprofile", "pk": 30, "fields": {"user": 29, "profile_picture": "users/profile_pictures/profile-picture-1_nNF7jYz.PNG", "cover_photo": "users/cover_photos/cover-photo-1.PNG", "address": "Radhe Golawala, Aai Mata Road, Parvat Patiya, Surat, Gujarat, India", "country": "India", "state": "Gujarat", "city": "Surat", "pin_code": "395010", "latitude": "21.194107", "longitude": "72.8607468", "location": "SRID=4326;POINT (72.8607468 21.194107)", "created_at": "2023-04-27T10:52:17.576Z", "modified_at": "2023-04-27T19:44:43.403Z"}}, {"model": "accounts.userprofile", "pk": 31, "fields": {"user": 30, "profile_picture": "users/profile_pictures/profile-picture-5_nEf6jCR.PNG", "cover_photo": "users/cover_photos/cover-photo-2_UCR1oNk.PNG", "address": "Safal Square, Vesu, Vesu, Surat, Gujarat, India", "country": "India", "state": "Gujarat", "city": "Surat", "pin_code": "395007", "latitude": "21.1483582", "longitude": "72.76531109999999", "location": "SRID=4326;POINT (72.76531109999999 21.1483582)", "created_at": "2023-04-27T21:59:07.363Z", "modified_at": "2023-04-29T11:43:28.850Z"}}, {"model": "accounts.userprofile", "pk": 32, "fields": {"user": 31, "profile_picture": "users/profile_pictures/tuna-fish.jpg", "cover_photo": "users/cover_photos/cover-photo-4_6FIrRVE.PNG", "address": "Kaliyabid, Bhavnagar, Gujarat, India", "country": "India", "state": "Gujarat", "city": "Bhavnagar", "pin_code": "364002", "latitude": "21.7394688", "longitude": "72.143597", "location": "SRID=4326;POINT (72.143597 21.7394688)", "created_at": "2023-04-27T22:17:43.001Z", "modified_at": "2023-04-29T11:53:47.457Z"}}, {"model": "accounts.userprofile", "pk": 33, "fields": {"user": 32, "profile_picture": "users/profile_pictures/profile-picture-4_dIUvh9K.PNG", "cover_photo": "users/cover_photos/cover-photo-5_XGDXn4m.PNG", "address": "D. R. World, Bhagyoday Industrial Estate, Parvat Patiya, Surat, Gujarat, India", "country": "India", "state": "Gujarat", "city": "Surat", "pin_code": "395010", "latitude": "21.1956365", "longitude": "72.8601328", "location": "SRID=4326;POINT (72.8601328 21.1956365)", "created_at": "2023-04-28T01:50:21.247Z", "modified_at": "2023-04-28T03:13:46.035Z"}}, {"model": "accounts.userprofile", "pk": 35, "fields": {"user": 34, "profile_picture": "", "cover_photo": "", "address": null, "country": null, "state": null, "city": null, "pin_code": null, "latitude": null, "longitude": null, "location": null, "created_at": "2023-04-29T12:14:24.031Z", "modified_at": "2023-04-29T12:14:50.374Z"}}, {"model": "vendor.vendor", "pk": 5, "fields": {"user": 23, "user_profile": 24, "vendor_name": "Radhe Krishna Sales Agency", "vendor_slug": "rksa", "vendor_license": "vendor/license/318302162_142383395259972_6465193435320520349_n_CiYFBP9.jpg", "is_approved": true, "created_at": "2023-04-26T07:04:07.870Z", "modified_at": "2023-04-27T11:21:29.536Z"}}, {"model": "vendor.vendor", "pk": 8, "fields": {"user": 27, "user_profile": 28, "vendor_name": "THIRD RESTAURANT", "vendor_slug": "third-restaurant-27", "vendor_license": "vendor/license/Screenshot_2023-03-31_at_4.33.53_PM.png", "is_approved": true, "created_at": "2023-04-27T10:50:24.855Z", "modified_at": "2023-04-27T11:20:18.856Z"}}, {"model": "vendor.vendor", "pk": 9, "fields": {"user": 28, "user_profile": 29, "vendor_name": "Bissmillah", "vendor_slug": "bissmillah-28", "vendor_license": "vendor/license/Screenshot_2023-04-27_at_3.09.52_PM.png", "is_approved": true, "created_at": "2023-04-27T10:51:02.449Z", "modified_at": "2023-04-27T11:02:20.547Z"}}, {"model": "vendor.vendor", "pk": 10, "fields": {"user": 29, "user_profile": 30, "vendor_name": "Radhe Gola", "vendor_slug": "radhe-gola-29", "vendor_license": "vendor/license/Screenshot_2023-04-27_at_1.23.20_AM.png", "is_approved": true, "created_at": "2023-04-27T10:52:17.586Z", "modified_at": "2023-04-27T11:03:16.154Z"}}, {"model": "vendor.vendor", "pk": 11, "fields": {"user": 30, "user_profile": 31, "vendor_name": "Shrut's Food", "vendor_slug": "shruts-food-30", "vendor_license": "vendor/license/Screenshot_2023-04-04_at_7.45.01_PM.png", "is_approved": true, "created_at": "2023-04-27T21:59:07.415Z", "modified_at": "2023-04-27T22:16:04.057Z"}}, {"model": "vendor.vendor", "pk": 12, "fields": {"user": 34, "user_profile": 35, "vendor_name": "Nothing", "vendor_slug": "nothing-34", "vendor_license": "vendor/license/Screenshot_2023-04-28_at_2.00.07_AM.png", "is_approved": true, "created_at": "2023-04-29T12:14:24.065Z", "modified_at": "2023-04-29T13:36:39.669Z"}}, {"model": "vendor.openinghour", "pk": 6, "fields": {"vendor": 5, "day": 2, "from_hour": "01:00 AM", "to_hour": "06:30 AM", "is_closed": false}}, {"model": "vendor.openinghour", "pk": 19, "fields": {"vendor": 5, "day": 1, "from_hour": "11:30 AM", "to_hour": "08:00 PM", "is_closed": false}}, {"model": "vendor.openinghour", "pk": 20, "fields": {"vendor": 5, "day": 4, "from_hour": "01:00 AM", "to_hour": "09:00 PM", "is_closed": false}}, {"model": "vendor.openinghour", "pk": 22, "fields": {"vendor": 5, "day": 2, "from_hour": "04:00 PM", "to_hour": "08:00 PM", "is_closed": false}}, {"model": "vendor.openinghour", "pk": 23, "fields": {"vendor": 5, "day": 5, "from_hour": "04:00 PM", "to_hour": "11:00 PM", "is_closed": false}}, {"model": "vendor.openinghour", "pk": 24, "fields": {"vendor": 5, "day": 6, "from_hour": "03:00 PM", "to_hour": "11:30 PM", "is_closed": false}}, {"model": "vendor.openinghour", "pk": 26, "fields": {"vendor": 5, "day": 3, "from_hour": "", "to_hour": "", "is_closed": true}}, {"model": "vendor.openinghour", "pk": 27, "fields": {"vendor": 5, "day": 7, "from_hour": "10:00 AM", "to_hour": "07:30 PM", "is_closed": false}}, {"model": "vendor.openinghour", "pk": 28, "fields": {"vendor": 10, "day": 1, "from_hour": "11:30 AM", "to_hour": "06:30 PM", "is_closed": false}}, {"model": "vendor.openinghour", "pk": 29, "fields": {"vendor": 10, "day": 2, "from_hour": "07:00 PM", "to_hour": "11:30 PM", "is_closed": false}}, {"model": "vendor.openinghour", "pk": 30, "fields": {"vendor": 10, "day": 3, "from_hour": "06:00 AM", "to_hour": "08:00 PM", "is_closed": false}}, {"model": "vendor.openinghour", "pk": 31, "fields": {"vendor": 10, "day": 4, "from_hour": "02:00 AM", "to_hour": "04:00 PM", "is_closed": false}}, {"model": "vendor.openinghour", "pk": 32, "fields": {"vendor": 10, "day": 5, "from_hour": "08:30 PM", "to_hour": "11:00 PM", "is_closed": false}}, {"model": "vendor.openinghour", "pk": 33, "fields": {"vendor": 10, "day": 6, "from_hour": "10:30 AM", "to_hour": "10:00 PM", "is_closed": false}}, {"model": "vendor.openinghour", "pk": 34, "fields": {"vendor": 10, "day": 7, "from_hour": "07:00 AM", "to_hour": "11:00 PM", "is_closed": false}}, {"model": "vendor.openinghour", "pk": 35, "fields": {"vendor": 10, "day": 5, "from_hour": "05:00 AM", "to_hour": "03:30 PM", "is_closed": false}}, {"model": "vendor.openinghour", "pk": 36, "fields": {"vendor": 10, "day": 2, "from_hour": "12:30 AM", "to_hour": "03:00 AM", "is_closed": false}}, {"model": "vendor.openinghour", "pk": 37, "fields": {"vendor": 11, "day": 1, "from_hour": "11:00 AM", "to_hour": "08:30 PM", "is_closed": false}}, {"model": "vendor.openinghour", "pk": 38, "fields": {"vendor": 11, "day": 2, "from_hour": "09:00 AM", "to_hour": "12:00 PM", "is_closed": false}}, {"model": "vendor.openinghour", "pk": 40, "fields": {"vendor": 11, "day": 2, "from_hour": "02:00 PM", "to_hour": "06:00 PM", "is_closed": false}}, {"model": "vendor.openinghour", "pk": 41, "fields": {"vendor": 11, "day": 6, "from_hour": "09:30 AM", "to_hour": "09:00 PM", "is_closed": false}}, {"model": "vendor.openinghour", "pk": 42, "fields": {"vendor": 11, "day": 3, "from_hour": "08:00 AM", "to_hour": "08:30 PM", "is_closed": false}}, {"model": "vendor.openinghour", "pk": 43, "fields": {"vendor": 11, "day": 4, "from_hour": "11:00 PM", "to_hour": "07:30 PM", "is_closed": false}}, {"model": "vendor.openinghour", "pk": 46, "fields": {"vendor": 11, "day": 7, "from_hour": "", "to_hour": "", "is_closed": true}}, {"model": "vendor.openinghour", "pk": 48, "fields": {"vendor": 11, "day": 5, "from_hour": "12:00 AM", "to_hour": "02:00 PM", "is_closed": false}}, {"model": "menu.category", "pk": 2, "fields": {"vendor": 5, "category_name": "Burger", "slug": "burger", "description": "Crispy and Spicy", "created_at": "2023-04-26T17:12:07.332Z", "updated_at": "2023-04-26T18:48:18.604Z"}}, {"model": "menu.category", "pk": 3, "fields": {"vendor": 5, "category_name": "Pasta", "slug": "pasta", "description": "", "created_at": "2023-04-26T17:12:13.891Z", "updated_at": "2023-04-26T17:12:13.891Z"}}, {"model": "menu.category", "pk": 6, "fields": {"vendor": 5, "category_name": "Rice", "slug": "rice-6", "description": "Clean and Steamed", "created_at": "2023-04-26T18:16:40.366Z", "updated_at": "2023-04-26T18:17:29.718Z"}}, {"model": "menu.category", "pk": 11, "fields": {"vendor": 5, "category_name": "Pizza", "slug": "pizza-11", "description": "", "created_at": "2023-04-26T18:49:29.635Z", "updated_at": "2023-04-26T18:49:29.637Z"}}, {"model": "menu.category", "pk": 22, "fields": {"vendor": 8, "category_name": "Khaman", "slug": "khaman", "description": "", "created_at": "2023-04-27T11:05:11.490Z", "updated_at": "2023-04-27T11:05:11.490Z"}}, {"model": "menu.category", "pk": 23, "fields": {"vendor": 8, "category_name": "Pasta", "slug": "pasta-23", "description": "", "created_at": "2023-04-27T11:07:04.936Z", "updated_at": "2023-04-27T11:07:04.938Z"}}, {"model": "menu.category", "pk": 24, "fields": {"vendor": 8, "category_name": "Fast food", "slug": "fast-food-24", "description": "", "created_at": "2023-04-27T11:07:42.495Z", "updated_at": "2023-04-27T11:07:42.498Z"}}, {"model": "menu.category", "pk": 25, "fields": {"vendor": 9, "category_name": "Milkshake", "slug": "milkshake-25", "description": "", "created_at": "2023-04-27T11:07:58.401Z", "updated_at": "2023-04-27T11:07:58.402Z"}}, {"model": "menu.category", "pk": 26, "fields": {"vendor": 9, "category_name": "Mojito", "slug": "mojito-26", "description": "", "created_at": "2023-04-27T11:08:10.160Z", "updated_at": "2023-04-27T11:08:10.162Z"}}, {"model": "menu.category", "pk": 27, "fields": {"vendor": 9, "category_name": "Bubble tea", "slug": "bubble-tea", "description": "", "created_at": "2023-04-27T11:08:24.054Z", "updated_at": "2023-04-27T11:08:30.156Z"}}, {"model": "menu.category", "pk": 28, "fields": {"vendor": 10, "category_name": "Dish gola", "slug": "dish-gola-28", "description": "", "created_at": "2023-04-27T11:08:47.521Z", "updated_at": "2023-04-27T11:08:47.525Z"}}, {"model": "menu.category", "pk": 29, "fields": {"vendor": 10, "category_name": "Stick gola", "slug": "stick-gola-29", "description": "", "created_at": "2023-04-27T11:09:00.484Z", "updated_at": "2023-04-27T11:09:00.485Z"}}, {"model": "menu.category", "pk": 30, "fields": {"vendor": 11, "category_name": "Khakhra", "slug": "khakhra-30", "description": "Crunchy paper thin wafers than are healthy as well delicious", "created_at": "2023-04-27T22:04:08.685Z", "updated_at": "2023-04-27T22:04:08.690Z"}}, {"model": "menu.fooditem", "pk": 2, "fields": {"vendor": 5, "category": 2, "food_title": "Mc Supreme Cheese", "slug": "mc-supreme-cheese", "description": "This is a burger with crispy corn & cheese patty, covered with a slice of cheese, creamy cocktail sauce, jalapenos and shredded onions", "price": "310.23", "image": "foodimages/burger-600x600.jpg", "is_available": true, "created_at": "2023-04-26T17:21:38.883Z", "updated_at": "2023-04-26T19:19:18.610Z"}}, {"model": "menu.fooditem", "pk": 3, "fields": {"vendor": 5, "category": 3, "food_title": "Pink Sauce", "slug": "pink-sauce", "description": "", "price": "210.00", "image": "foodimages/rice-bowl.jpg", "is_available": true, "created_at": "2023-04-26T17:22:06.169Z", "updated_at": "2023-04-26T17:22:06.169Z"}}, {"model": "menu.fooditem", "pk": 6, "fields": {"vendor": 5, "category": 2, "food_title": "Veg Burger", "slug": "veg-burger", "description": "", "price": "160.00", "image": "foodimages/profile-picture-3.PNG", "is_available": true, "created_at": "2023-04-26T17:23:46.366Z", "updated_at": "2023-04-27T11:04:11.250Z"}}, {"model": "menu.fooditem", "pk": 9, "fields": {"vendor": 5, "category": 2, "food_title": "Cheese MAcroni", "slug": "cheese-macroni", "description": "", "price": "233.00", "image": "foodimages/chicken-barbeque.jpg", "is_available": true, "created_at": "2023-04-26T21:36:28.587Z", "updated_at": "2023-04-26T21:44:11.082Z"}}, {"model": "menu.fooditem", "pk": 10, "fields": {"vendor": 5, "category": 3, "food_title": "Cheese ball", "slug": "cheese-ball", "description": "hggcghc,", "price": "565.00", "image": "foodimages/italian-pizza-600x600_g3wtXi6.jpg", "is_available": true, "created_at": "2023-04-26T23:42:58.575Z", "updated_at": "2023-04-26T23:42:58.576Z"}}, {"model": "menu.fooditem", "pk": 14, "fields": {"vendor": 8, "category": 22, "food_title": "Vagharela Dhokla", "slug": "vagharela-dhokla", "description": "", "price": "645.00", "image": "foodimages/chicken-barbeque_pk9D1D6.jpg", "is_available": true, "created_at": "2023-04-27T11:11:38.901Z", "updated_at": "2023-04-27T11:11:38.901Z"}}, {"model": "menu.fooditem", "pk": 15, "fields": {"vendor": 8, "category": 22, "food_title": "Sev Khaman", "slug": "sev-khaman", "description": "", "price": "767.00", "image": "foodimages/brand_pic3.jpg", "is_available": true, "created_at": "2023-04-27T11:11:59.152Z", "updated_at": "2023-04-27T11:11:59.152Z"}}, {"model": "menu.fooditem", "pk": 16, "fields": {"vendor": 8, "category": 23, "food_title": "White Sauce Pasta", "slug": "white-sauce-pasta", "description": "", "price": "210.00", "image": "foodimages/rice-bowl_w613AQs.jpg", "is_available": true, "created_at": "2023-04-27T11:12:22.548Z", "updated_at": "2023-04-27T11:12:22.548Z"}}, {"model": "menu.fooditem", "pk": 17, "fields": {"vendor": 8, "category": 24, "food_title": "Samosa", "slug": "samosa", "description": "", "price": "323.00", "image": "foodimages/chicken-600x600.jpg", "is_available": true, "created_at": "2023-04-27T11:12:43.120Z", "updated_at": "2023-04-27T11:12:43.120Z"}}, {"model": "menu.fooditem", "pk": 18, "fields": {"vendor": 9, "category": 25, "food_title": "Strawberry", "slug": "strawberry", "description": "", "price": "45.00", "image": "foodimages/steam-rice.jpg", "is_available": true, "created_at": "2023-04-27T11:13:13.509Z", "updated_at": "2023-04-27T11:13:13.509Z"}}, {"model": "menu.fooditem", "pk": 19, "fields": {"vendor": 9, "category": 25, "food_title": "Mango", "slug": "mango", "description": "", "price": "123.00", "image": "foodimages/seafood-600x600.jpg", "is_available": true, "created_at": "2023-04-27T11:13:33.934Z", "updated_at": "2023-04-27T11:13:33.934Z"}}, {"model": "menu.fooditem", "pk": 20, "fields": {"vendor": 9, "category": 25, "food_title": "Chocolate", "slug": "chocolate", "description": "", "price": "897.00", "image": "foodimages/profile-picture-5_Mljv7kT.PNG", "is_available": true, "created_at": "2023-04-27T11:13:53.287Z", "updated_at": "2023-04-27T11:13:53.287Z"}}, {"model": "menu.fooditem", "pk": 21, "fields": {"vendor": 9, "category": 26, "food_title": "Lime", "slug": "lime", "description": "", "price": "111.00", "image": "foodimages/profile-picture-1.PNG", "is_available": true, "created_at": "2023-04-27T11:14:27.133Z", "updated_at": "2023-04-27T11:14:27.133Z"}}, {"model": "menu.fooditem", "pk": 23, "fields": {"vendor": 10, "category": 29, "food_title": "Kalakhatta", "slug": "kalakhatta", "description": "", "price": "562.00", "image": "foodimages/steam-rice_nWIbS1E.jpg", "is_available": true, "created_at": "2023-04-27T11:15:58.727Z", "updated_at": "2023-04-27T11:15:58.727Z"}}, {"model": "menu.fooditem", "pk": 24, "fields": {"vendor": 5, "category": 6, "food_title": "Steam Rice", "slug": "steam-rice", "description": "", "price": "78.00", "image": "foodimages/steam-rice_2Ix85rT.jpg", "is_available": true, "created_at": "2023-04-27T11:16:37.372Z", "updated_at": "2023-04-27T11:16:37.372Z"}}, {"model": "menu.fooditem", "pk": 25, "fields": {"vendor": 5, "category": 11, "food_title": "Italian Pizza", "slug": "italian-pizza", "description": "", "price": "322.00", "image": "foodimages/brand_pic3_M54bl1z.jpg", "is_available": true, "created_at": "2023-04-27T11:16:57.871Z", "updated_at": "2023-04-27T11:16:57.871Z"}}, {"model": "menu.fooditem", "pk": 26, "fields": {"vendor": 5, "category": 11, "food_title": "Margeritta", "slug": "margeritta", "description": "", "price": "897.00", "image": "foodimages/pizza-600x600_goQuTBe.jpg", "is_available": true, "created_at": "2023-04-27T11:17:20.633Z", "updated_at": "2023-04-27T11:17:20.633Z"}}, {"model": "menu.fooditem", "pk": 27, "fields": {"vendor": 10, "category": 28, "food_title": "Rajbhog", "slug": "rajbhog", "description": "", "price": "121.00", "image": "foodimages/cover-photo-1.PNG", "is_available": true, "created_at": "2023-04-27T11:30:41.314Z", "updated_at": "2023-04-27T11:30:41.314Z"}}, {"model": "menu.fooditem", "pk": 28, "fields": {"vendor": 11, "category": 30, "food_title": "Cheese Khakhra", "slug": "cheese-khakhra", "description": "Cheese", "price": "234.00", "image": "foodimages/italian-pizza-600x600_ssufxa0.jpg", "is_available": true, "created_at": "2023-04-27T22:05:09.113Z", "updated_at": "2023-04-27T22:05:21.425Z"}}, {"model": "marketplace.cart", "pk": 36, "fields": {"user": 31, "fooditem": 18, "quantity": 1, "created_at": "2023-04-27T23:35:56.030Z", "updated_at": "2023-04-27T23:35:56.030Z"}}, {"model": "marketplace.cart", "pk": 47, "fields": {"user": 23, "fooditem": 3, "quantity": 4, "created_at": "2023-04-29T13:21:20.133Z", "updated_at": "2023-04-29T13:21:20.715Z"}}, {"model": "marketplace.cart", "pk": 48, "fields": {"user": 23, "fooditem": 24, "quantity": 3, "created_at": "2023-04-29T13:21:22.385Z", "updated_at": "2023-04-29T13:21:22.689Z"}}, {"model": "marketplace.cart", "pk": 49, "fields": {"user": 23, "fooditem": 2, "quantity": 2, "created_at": "2023-04-29T13:21:24.157Z", "updated_at": "2023-04-29T13:21:24.322Z"}}, {"model": "marketplace.tax", "pk": 1, "fields": {"tax_type": "CGST", "tax_percentage": "9.00", "is_active": true}}, {"model": "marketplace.tax", "pk": 2, "fields": {"tax_type": "SGST", "tax_percentage": "9.00", "is_active": true}}, {"model": "orders.payment", "pk": 1, "fields": {"user": 31, "transaction_id": "8B7742586A892164Y", "payment_method": "PayPal", "amount": "2478.0", "status": "COMPLETED", "created_at": "2023-04-28T01:35:17.135Z"}}, {"model": "orders.payment", "pk": 2, "fields": {"user": 31, "transaction_id": "0SX89442GL009472C", "payment_method": "PayPal", "amount": "2478.0", "status": "COMPLETED", "created_at": "2023-04-28T01:39:44.901Z"}}, {"model": "orders.payment", "pk": 3, "fields": {"user": 31, "transaction_id": "17R67830N6317692L", "payment_method": "PayPal", "amount": "2478.0", "status": "COMPLETED", "created_at": "2023-04-28T01:42:23.298Z"}}, {"model": "orders.payment", "pk": 6, "fields": {"user": 32, "transaction_id": "4B4558675C396334K", "payment_method": "PayPal", "amount": "552.24", "status": "COMPLETED", "created_at": "2023-04-28T01:52:09.568Z"}}, {"model": "orders.payment", "pk": 7, "fields": {"user": 32, "transaction_id": "8AE16684AM978001U", "payment_method": "PayPal", "amount": "552.24", "status": "COMPLETED", "created_at": "2023-04-28T01:56:16.839Z"}}, {"model": "orders.payment", "pk": 8, "fields": {"user": 31, "transaction_id": "6LW06564FM692850H", "payment_method": "PayPal", "amount": "53.1", "status": "COMPLETED", "created_at": "2023-04-28T01:58:25.972Z"}}, {"model": "orders.payment", "pk": 9, "fields": {"user": 32, "transaction_id": "2BV87920GX8150352", "payment_method": "PayPal", "amount": "552.24", "status": "COMPLETED", "created_at": "2023-04-28T02:02:36.527Z"}}, {"model": "orders.payment", "pk": 10, "fields": {"user": 32, "transaction_id": "8KJ79591B12230326", "payment_method": "PayPal", "amount": "1006.54", "status": "COMPLETED", "created_at": "2023-04-28T02:05:27.925Z"}}, {"model": "orders.payment", "pk": 11, "fields": {"user": 32, "transaction_id": "13R74113JC599764H", "payment_method": "PayPal", "amount": "92.04", "status": "COMPLETED", "created_at": "2023-04-28T02:09:43.069Z"}}, {"model": "orders.payment", "pk": 12, "fields": {"user": 32, "transaction_id": "pay_Lj3Bu1iWaXB4NN", "payment_method": "RazorPay", "amount": "106.2", "status": "Success", "created_at": "2023-04-28T02:42:54.169Z"}}, {"model": "orders.payment", "pk": 13, "fields": {"user": 32, "transaction_id": "pay_Lj3JbkFwtzLyiZ", "payment_method": "RazorPay", "amount": "666.7", "status": "Success", "created_at": "2023-04-28T02:50:13.529Z"}}, {"model": "orders.payment", "pk": 14, "fields": {"user": 23, "transaction_id": "29E78550YG783392A", "payment_method": "PayPal", "amount": "552.24", "status": "COMPLETED", "created_at": "2023-04-29T13:19:38.951Z"}}, {"model": "orders.order", "pk": 9, "fields": {"user": 31, "payment": null, "order_number": "202304280549379", "first_name": "Shruti", "last_name": "Pavasiya", "phone": "919891891829", "email": "shrutipavasiya1701002@gmail.com", "address": "Kaliyabid, Bhavnagar, Gujarat, India", "country": "India", "state": "Gujarat", "city": "Bhavnagar", "pin_code": "364002", "total": 2478.0, "tax_data": "{\"CGST\": {\"9.00\": 189.00}, \"SGST\": {\"9.00\": 189.00}}", "total_data": "{\"11\": {\"936.00\": \"{'CGST': {'9.00': '84.24'}, 'SGST': {'9.00': '84.24'}}\"}, \"9\": {\"1164.00\": \"{'CGST': {'9.00': '104.76'}, 'SGST': {'9.00': '104.76'}}\"}}", "total_tax": 378.0, "payment_method": "RazorPay", "status": "New", "is_ordered": false, "created_at": "2023-04-28T00:19:37.865Z", "updated_at": "2023-04-28T00:19:37.875Z", "vendors": [9, 11]}}, {"model": "orders.order", "pk": 10, "fields": {"user": 31, "payment": null, "order_number": "2023042806323110", "first_name": "Shruti", "last_name": "Pavasiya", "phone": "919891891829", "email": "shrutipavasiya1701002@gmail.com", "address": "Kaliyabid, Bhavnagar, Gujarat, India", "country": "India", "state": "Gujarat", "city": "Bhavnagar", "pin_code": "364002", "total": 2478.0, "tax_data": "{\"CGST\": {\"9.00\": 189.00}, \"SGST\": {\"9.00\": 189.00}}", "total_data": "{\"11\": {\"936.00\": \"{'CGST': {'9.00': '84.24'}, 'SGST': {'9.00': '84.24'}}\"}, \"9\": {\"1164.00\": \"{'CGST': {'9.00': '104.76'}, 'SGST': {'9.00': '104.76'}}\"}}", "total_tax": 378.0, "payment_method": "PayPal", "status": "New", "is_ordered": false, "created_at": "2023-04-28T01:02:31.658Z", "updated_at": "2023-04-28T01:02:31.668Z", "vendors": [9, 11]}}, {"model": "orders.order", "pk": 11, "fields": {"user": 31, "payment": null, "order_number": "2023042806324211", "first_name": "Shruti", "last_name": "Pavasiya", "phone": "919891891829", "email": "shrutipavasiya1701002@gmail.com", "address": "Kaliyabid, Bhavnagar, Gujarat, India", "country": "India", "state": "Gujarat", "city": "Bhavnagar", "pin_code": "364002", "total": 2478.0, "tax_data": "{\"CGST\": {\"9.00\": 189.00}, \"SGST\": {\"9.00\": 189.00}}", "total_data": "{\"11\": {\"936.00\": \"{'CGST': {'9.00': '84.24'}, 'SGST': {'9.00': '84.24'}}\"}, \"9\": {\"1164.00\": \"{'CGST': {'9.00': '104.76'}, 'SGST': {'9.00': '104.76'}}\"}}", "total_tax": 378.0, "payment_method": "RazorPay", "status": "New", "is_ordered": false, "created_at": "2023-04-28T01:02:42.199Z", "updated_at": "2023-04-28T01:02:42.207Z", "vendors": [9, 11]}}, {"model": "orders.order", "pk": 12, "fields": {"user": 31, "payment": null, "order_number": "2023042806383012", "first_name": "Shruti", "last_name": "Pavasiya", "phone": "919891891829", "email": "shrutipavasiya1701002@gmail.com", "address": "Kaliyabid, Bhavnagar, Gujarat, India", "country": "India", "state": "Gujarat", "city": "Bhavnagar", "pin_code": "364002", "total": 2478.0, "tax_data": "{\"CGST\": {\"9.00\": 189.00}, \"SGST\": {\"9.00\": 189.00}}", "total_data": "{\"11\": {\"936.00\": \"{'CGST': {'9.00': '84.24'}, 'SGST': {'9.00': '84.24'}}\"}, \"9\": {\"1164.00\": \"{'CGST': {'9.00': '104.76'}, 'SGST': {'9.00': '104.76'}}\"}}", "total_tax": 378.0, "payment_method": "PayPal", "status": "New", "is_ordered": false, "created_at": "2023-04-28T01:08:30.513Z", "updated_at": "2023-04-28T01:08:30.520Z", "vendors": [9, 11]}}, {"model": "orders.order", "pk": 13, "fields": {"user": 31, "payment": null, "order_number": "2023042806402513", "first_name": "Shruti", "last_name": "Pavasiya", "phone": "919891891829", "email": "shrutipavasiya1701002@gmail.com", "address": "Kaliyabid, Bhavnagar, Gujarat, India", "country": "India", "state": "Gujarat", "city": "Bhavnagar", "pin_code": "364002", "total": 2478.0, "tax_data": "{\"CGST\": {\"9.00\": 189.00}, \"SGST\": {\"9.00\": 189.00}}", "total_data": "{\"11\": {\"936.00\": \"{'CGST': {'9.00': '84.24'}, 'SGST': {'9.00': '84.24'}}\"}, \"9\": {\"1164.00\": \"{'CGST': {'9.00': '104.76'}, 'SGST': {'9.00': '104.76'}}\"}}", "total_tax": 378.0, "payment_method": "PayPal", "status": "New", "is_ordered": false, "created_at": "2023-04-28T01:10:25.526Z", "updated_at": "2023-04-28T01:10:25.533Z", "vendors": [9, 11]}}, {"model": "orders.order", "pk": 14, "fields": {"user": 31, "payment": null, "order_number": "2023042806411214", "first_name": "Shruti", "last_name": "Pavasiya", "phone": "919891891829", "email": "shrutipavasiya1701002@gmail.com", "address": "Kaliyabid, Bhavnagar, Gujarat, India", "country": "India", "state": "Gujarat", "city": "Bhavnagar", "pin_code": "364002", "total": 2478.0, "tax_data": "{\"CGST\": {\"9.00\": 189.00}, \"SGST\": {\"9.00\": 189.00}}", "total_data": "{\"11\": {\"936.00\": \"{'CGST': {'9.00': '84.24'}, 'SGST': {'9.00': '84.24'}}\"}, \"9\": {\"1164.00\": \"{'CGST': {'9.00': '104.76'}, 'SGST': {'9.00': '104.76'}}\"}}", "total_tax": 378.0, "payment_method": "PayPal", "status": "New", "is_ordered": false, "created_at": "2023-04-28T01:11:12.888Z", "updated_at": "2023-04-28T01:11:12.898Z", "vendors": [9, 11]}}, {"model": "orders.order", "pk": 15, "fields": {"user": 31, "payment": null, "order_number": "2023042806481215", "first_name": "Shruti", "last_name": "Pavasiya", "phone": "919891891829", "email": "shrutipavasiya1701002@gmail.com", "address": "Kaliyabid, Bhavnagar, Gujarat, India", "country": "India", "state": "Gujarat", "city": "Bhavnagar", "pin_code": "364002", "total": 2478.0, "tax_data": "{\"CGST\": {\"9.00\": 189.00}, \"SGST\": {\"9.00\": 189.00}}", "total_data": "{\"11\": {\"936.00\": \"{'CGST': {'9.00': '84.24'}, 'SGST': {'9.00': '84.24'}}\"}, \"9\": {\"1164.00\": \"{'CGST': {'9.00': '104.76'}, 'SGST': {'9.00': '104.76'}}\"}}", "total_tax": 378.0, "payment_method": "PayPal", "status": "New", "is_ordered": false, "created_at": "2023-04-28T01:18:12.179Z", "updated_at": "2023-04-28T01:18:12.183Z", "vendors": [9, 11]}}, {"model": "orders.order", "pk": 16, "fields": {"user": 31, "payment": null, "order_number": "2023042806481616", "first_name": "Shruti", "last_name": "Pavasiya", "phone": "919891891829", "email": "shrutipavasiya1701002@gmail.com", "address": "Kaliyabid, Bhavnagar, Gujarat, India", "country": "India", "state": "Gujarat", "city": "Bhavnagar", "pin_code": "364002", "total": 2478.0, "tax_data": "{\"CGST\": {\"9.00\": 189.00}, \"SGST\": {\"9.00\": 189.00}}", "total_data": "{\"11\": {\"936.00\": \"{'CGST': {'9.00': '84.24'}, 'SGST': {'9.00': '84.24'}}\"}, \"9\": {\"1164.00\": \"{'CGST': {'9.00': '104.76'}, 'SGST': {'9.00': '104.76'}}\"}}", "total_tax": 378.0, "payment_method": "PayPal", "status": "New", "is_ordered": false, "created_at": "2023-04-28T01:18:16.950Z", "updated_at": "2023-04-28T01:18:16.959Z", "vendors": [9, 11]}}, {"model": "orders.order", "pk": 17, "fields": {"user": 31, "payment": null, "order_number": "2023042806483917", "first_name": "Shruti", "last_name": "Pavasiya", "phone": "919891891829", "email": "shrutipavasiya1701002@gmail.com", "address": "Kaliyabid, Bhavnagar, Gujarat, India", "country": "India", "state": "Gujarat", "city": "Bhavnagar", "pin_code": "364002", "total": 2478.0, "tax_data": "{\"CGST\": {\"9.00\": 189.00}, \"SGST\": {\"9.00\": 189.00}}", "total_data": "{\"11\": {\"936.00\": \"{'CGST': {'9.00': '84.24'}, 'SGST': {'9.00': '84.24'}}\"}, \"9\": {\"1164.00\": \"{'CGST': {'9.00': '104.76'}, 'SGST': {'9.00': '104.76'}}\"}}", "total_tax": 378.0, "payment_method": "PayPal", "status": "New", "is_ordered": false, "created_at": "2023-04-28T01:18:39.952Z", "updated_at": "2023-04-28T01:18:39.963Z", "vendors": [9, 11]}}, {"model": "orders.order", "pk": 18, "fields": {"user": 31, "payment": null, "order_number": "2023042806493318", "first_name": "Shruti", "last_name": "Pavasiya", "phone": "919891891829", "email": "shrutipavasiya1701002@gmail.com", "address": "Kaliyabid, Bhavnagar, Gujarat, India", "country": "India", "state": "Gujarat", "city": "Bhavnagar", "pin_code": "364002", "total": 2478.0, "tax_data": "{\"CGST\": {\"9.00\": 189.00}, \"SGST\": {\"9.00\": 189.00}}", "total_data": "{\"11\": {\"936.00\": \"{'CGST': {'9.00': '84.24'}, 'SGST': {'9.00': '84.24'}}\"}, \"9\": {\"1164.00\": \"{'CGST': {'9.00': '104.76'}, 'SGST': {'9.00': '104.76'}}\"}}", "total_tax": 378.0, "payment_method": "PayPal", "status": "New", "is_ordered": false, "created_at": "2023-04-28T01:19:33.513Z", "updated_at": "2023-04-28T01:19:33.520Z", "vendors": [9, 11]}}, {"model": "orders.order", "pk": 19, "fields": {"user": 31, "payment": null, "order_number": "2023042806523619", "first_name": "Shruti", "last_name": "Pavasiya", "phone": "919891891829", "email": "shrutipavasiya1701002@gmail.com", "address": "Kaliyabid, Bhavnagar, Gujarat, India", "country": "India", "state": "Gujarat", "city": "Bhavnagar", "pin_code": "364002", "total": 2478.0, "tax_data": "{\"CGST\": {\"9.00\": 189.00}, \"SGST\": {\"9.00\": 189.00}}", "total_data": "{\"11\": {\"936.00\": \"{'CGST': {'9.00': '84.24'}, 'SGST': {'9.00': '84.24'}}\"}, \"9\": {\"1164.00\": \"{'CGST': {'9.00': '104.76'}, 'SGST': {'9.00': '104.76'}}\"}}", "total_tax": 378.0, "payment_method": "PayPal", "status": "New", "is_ordered": false, "created_at": "2023-04-28T01:22:36.536Z", "updated_at": "2023-04-28T01:22:36.548Z", "vendors": [9, 11]}}, {"model": "orders.order", "pk": 20, "fields": {"user": 31, "payment": 1, "order_number": "2023042806531520", "first_name": "Shruti", "last_name": "Pavasiya", "phone": "919891891829", "email": "shrutipavasiya1701002@gmail.com", "address": "Kaliyabid, Bhavnagar, Gujarat, India", "country": "India", "state": "Gujarat", "city": "Bhavnagar", "pin_code": "364002", "total": 2478.0, "tax_data": "{\"CGST\": {\"9.00\": 189.00}, \"SGST\": {\"9.00\": 189.00}}", "total_data": "{\"11\": {\"936.00\": \"{'CGST': {'9.00': '84.24'}, 'SGST': {'9.00': '84.24'}}\"}, \"9\": {\"1164.00\": \"{'CGST': {'9.00': '104.76'}, 'SGST': {'9.00': '104.76'}}\"}}", "total_tax": 378.0, "payment_method": "PayPal", "status": "New", "is_ordered": true, "created_at": "2023-04-28T01:23:15.843Z", "updated_at": "2023-04-28T01:35:17.139Z", "vendors": [9, 11]}}, {"model": "orders.order", "pk": 21, "fields": {"user": 31, "payment": null, "order_number": "2023042807060121", "first_name": "Shruti", "last_name": "Pavasiya", "phone": "919891891829", "email": "shrutipavasiya1701002@gmail.com", "address": "Kaliyabid, Bhavnagar, Gujarat, India", "country": "India", "state": "Gujarat", "city": "Bhavnagar", "pin_code": "364002", "total": 2478.0, "tax_data": "{\"CGST\": {\"9.00\": 189.00}, \"SGST\": {\"9.00\": 189.00}}", "total_data": "{\"11\": {\"936.00\": \"{'CGST': {'9.00': '84.24'}, 'SGST': {'9.00': '84.24'}}\"}, \"9\": {\"1164.00\": \"{'CGST': {'9.00': '104.76'}, 'SGST': {'9.00': '104.76'}}\"}}", "total_tax": 378.0, "payment_method": "PayPal", "status": "New", "is_ordered": false, "created_at": "2023-04-28T01:36:01.038Z", "updated_at": "2023-04-28T01:36:01.047Z", "vendors": [9, 11]}}, {"model": "orders.order", "pk": 22, "fields": {"user": 31, "payment": 2, "order_number": "2023042807074422", "first_name": "Shruti", "last_name": "Pavasiya", "phone": "919891891829", "email": "shrutipavasiya1701002@gmail.com", "address": "Kaliyabid, Bhavnagar, Gujarat, India", "country": "India", "state": "Gujarat", "city": "Bhavnagar", "pin_code": "364002", "total": 2478.0, "tax_data": "{\"CGST\": {\"9.00\": 189.00}, \"SGST\": {\"9.00\": 189.00}}", "total_data": "{\"11\": {\"936.00\": \"{'CGST': {'9.00': '84.24'}, 'SGST': {'9.00': '84.24'}}\"}, \"9\": {\"1164.00\": \"{'CGST': {'9.00': '104.76'}, 'SGST': {'9.00': '104.76'}}\"}}", "total_tax": 378.0, "payment_method": "PayPal", "status": "New", "is_ordered": true, "created_at": "2023-04-28T01:37:44.912Z", "updated_at": "2023-04-28T01:39:44.907Z", "vendors": [9, 11]}}, {"model": "orders.order", "pk": 23, "fields": {"user": 31, "payment": 3, "order_number": "2023042807121023", "first_name": "Shruti", "last_name": "Pavasiya", "phone": "919891891829", "email": "shrutipavasiya1701002@gmail.com", "address": "Kaliyabid, Bhavnagar, Gujarat, India", "country": "India", "state": "Gujarat", "city": "Bhavnagar", "pin_code": "364002", "total": 2478.0, "tax_data": "{\"CGST\": {\"9.00\": 189.00}, \"SGST\": {\"9.00\": 189.00}}", "total_data": "{\"11\": {\"936.00\": \"{'CGST': {'9.00': '84.24'}, 'SGST': {'9.00': '84.24'}}\"}, \"9\": {\"1164.00\": \"{'CGST': {'9.00': '104.76'}, 'SGST': {'9.00': '104.76'}}\"}}", "total_tax": 378.0, "payment_method": "PayPal", "status": "New", "is_ordered": true, "created_at": "2023-04-28T01:42:10.538Z", "updated_at": "2023-04-28T01:42:23.301Z", "vendors": [9, 11]}}, {"model": "orders.order", "pk": 24, "fields": {"user": null, "payment": null, "order_number": "2023042807170724", "first_name": "Pravin", "last_name": "Akhed", "phone": "7041921440", "email": "akhedjenish123@gmail.com", "address": "SMIMER Hospital & Medical College, Bombay Market Road, near Umarwada, Sahara Darwaja, Umarwada, Surat, Gujarat, India", "country": "India", "state": "Gujarat", "city": "Surat", "pin_code": "395010", "total": 552.24, "tax_data": "{\"CGST\": {\"9.00\": 42.12}, \"SGST\": {\"9.00\": 42.12}}", "total_data": "{\"11\": {\"468.00\": \"{'CGST': {'9.00': '42.12'}, 'SGST': {'9.00': '42.12'}}\"}}", "total_tax": 84.24, "payment_method": "PayPal", "status": "New", "is_ordered": true, "created_at": "2023-04-28T01:47:07.858Z", "updated_at": "2023-04-28T01:47:19.336Z", "vendors": [11]}}, {"model": "orders.order", "pk": 25, "fields": {"user": null, "payment": null, "order_number": "2023042807190725", "first_name": "Pravin", "last_name": "Akhed", "phone": "7041921440", "email": "akhedjenish123@gmail.com", "address": "SMIMER Hospital & Medical College, Bombay Market Road, near Umarwada, Sahara Darwaja, Umarwada, Surat, Gujarat, India", "country": "India", "state": "Gujarat", "city": "Surat", "pin_code": "395010", "total": 552.24, "tax_data": "{\"CGST\": {\"9.00\": 42.12}, \"SGST\": {\"9.00\": 42.12}}", "total_data": "{\"11\": {\"468.00\": \"{'CGST': {'9.00': '42.12'}, 'SGST': {'9.00': '42.12'}}\"}}", "total_tax": 84.24, "payment_method": "PayPal", "status": "New", "is_ordered": true, "created_at": "2023-04-28T01:49:07.678Z", "updated_at": "2023-04-28T01:49:19.530Z", "vendors": [11]}}, {"model": "orders.order", "pk": 26, "fields": {"user": 32, "payment": 6, "order_number": "2023042807215826", "first_name": "Jenish", "last_name": "Akhed", "phone": "07041921440", "email": "akhedjenish123@gmail.com", "address": "D. R. World, Bhagyoday Industrial Estate, Parvat Patiya, Surat, Gujarat, India", "country": "India", "state": "Gujarat", "city": "Surat", "pin_code": "395010", "total": 552.24, "tax_data": "{\"CGST\": {\"9.00\": 42.12}, \"SGST\": {\"9.00\": 42.12}}", "total_data": "{\"11\": {\"468.00\": \"{'CGST': {'9.00': '42.12'}, 'SGST': {'9.00': '42.12'}}\"}}", "total_tax": 84.24, "payment_method": "PayPal", "status": "New", "is_ordered": true, "created_at": "2023-04-28T01:51:58.144Z", "updated_at": "2023-04-28T01:52:09.570Z", "vendors": [11]}}, {"model": "orders.order", "pk": 27, "fields": {"user": 32, "payment": 7, "order_number": "2023042807255927", "first_name": "Jenish", "last_name": "Akhed", "phone": "07041921440", "email": "akhedjenish123@gmail.com", "address": "D. R. World, Bhagyoday Industrial Estate, Parvat Patiya, Surat, Gujarat, India", "country": "India", "state": "Gujarat", "city": "Surat", "pin_code": "395010", "total": 552.24, "tax_data": "{\"CGST\": {\"9.00\": 42.12}, \"SGST\": {\"9.00\": 42.12}}", "total_data": "{\"11\": {\"468.00\": \"{'CGST': {'9.00': '42.12'}, 'SGST': {'9.00': '42.12'}}\"}}", "total_tax": 84.24, "payment_method": "PayPal", "status": "New", "is_ordered": true, "created_at": "2023-04-28T01:55:59.370Z", "updated_at": "2023-04-28T01:56:16.842Z", "vendors": [11]}}, {"model": "orders.order", "pk": 28, "fields": {"user": 31, "payment": 8, "order_number": "2023042807281528", "first_name": "Shruti", "last_name": "Pavasiya", "phone": "919891891829", "email": "shrutipavasiya1701002@gmail.com", "address": "Kaliyabid, Bhavnagar, Gujarat, India", "country": "India", "state": "Gujarat", "city": "Bhavnagar", "pin_code": "364002", "total": 53.1, "tax_data": "{\"CGST\": {\"9.00\": 4.05}, \"SGST\": {\"9.00\": 4.05}}", "total_data": "{\"9\": {\"45.00\": \"{'CGST': {'9.00': '4.05'}, 'SGST': {'9.00': '4.05'}}\"}}", "total_tax": 8.1, "payment_method": "PayPal", "status": "New", "is_ordered": true, "created_at": "2023-04-28T01:58:15.187Z", "updated_at": "2023-04-28T01:58:25.979Z", "vendors": [9]}}, {"model": "orders.order", "pk": 29, "fields": {"user": 31, "payment": null, "order_number": "2023042807321129", "first_name": "Shruti", "last_name": "Pavasiya", "phone": "919891891829", "email": "shrutipavasiya1701002@gmail.com", "address": "Kaliyabid, Bhavnagar, Gujarat, India", "country": "India", "state": "Gujarat", "city": "Bhavnagar", "pin_code": "364002", "total": 53.1, "tax_data": "{\"CGST\": {\"9.00\": 4.05}, \"SGST\": {\"9.00\": 4.05}}", "total_data": "{\"9\": {\"45.00\": \"{'CGST': {'9.00': '4.05'}, 'SGST': {'9.00': '4.05'}}\"}}", "total_tax": 8.1, "payment_method": "PayPal", "status": "New", "is_ordered": false, "created_at": "2023-04-28T02:02:11.618Z", "updated_at": "2023-04-28T02:02:11.627Z", "vendors": [9]}}, {"model": "orders.order", "pk": 30, "fields": {"user": 32, "payment": 9, "order_number": "2023042807322430", "first_name": "Jenish", "last_name": "Akhed", "phone": "07041921440", "email": "akhedjenish123@gmail.com", "address": "D. R. World, Bhagyoday Industrial Estate, Parvat Patiya, Surat, Gujarat, India", "country": "India", "state": "Gujarat", "city": "Surat", "pin_code": "395010", "total": 552.24, "tax_data": "{\"CGST\": {\"9.00\": 42.12}, \"SGST\": {\"9.00\": 42.12}}", "total_data": "{\"11\": {\"468.00\": \"{'CGST': {'9.00': '42.12'}, 'SGST': {'9.00': '42.12'}}\"}}", "total_tax": 84.24, "payment_method": "PayPal", "status": "New", "is_ordered": true, "created_at": "2023-04-28T02:02:24.049Z", "updated_at": "2023-04-28T02:02:36.551Z", "vendors": [11]}}, {"model": "orders.order", "pk": 31, "fields": {"user": 32, "payment": 10, "order_number": "2023042807351331", "first_name": "Jenish", "last_name": "Akhed", "phone": "07041921440", "email": "akhedjenish123@gmail.com", "address": "D. R. World, Bhagyoday Industrial Estate, Parvat Patiya, Surat, Gujarat, India", "country": "India", "state": "Gujarat", "city": "Surat", "pin_code": "395010", "total": 1006.54, "tax_data": "{\"CGST\": {\"9.00\": 76.77}, \"SGST\": {\"9.00\": 76.77}}", "total_data": "{\"5\": {\"853.00\": \"{'CGST': {'9.00': '76.77'}, 'SGST': {'9.00': '76.77'}}\"}}", "total_tax": 153.54, "payment_method": "PayPal", "status": "New", "is_ordered": true, "created_at": "2023-04-28T02:05:13.795Z", "updated_at": "2023-04-28T02:05:27.930Z", "vendors": [5]}}, {"model": "orders.order", "pk": 32, "fields": {"user": 32, "payment": 11, "order_number": "2023042807392532", "first_name": "Jenish", "last_name": "Akhed", "phone": "07041921440", "email": "akhedjenish123@gmail.com", "address": "D. R. World, Bhagyoday Industrial Estate, Parvat Patiya, Surat, Gujarat, India", "country": "India", "state": "Gujarat", "city": "Surat", "pin_code": "395010", "total": 92.04, "tax_data": "{\"CGST\": {\"9.00\": 7.02}, \"SGST\": {\"9.00\": 7.02}}", "total_data": "{\"5\": {\"78.00\": \"{'CGST': {'9.00': '7.02'}, 'SGST': {'9.00': '7.02'}}\"}}", "total_tax": 14.04, "payment_method": "PayPal", "status": "New", "is_ordered": true, "created_at": "2023-04-28T02:09:25.508Z", "updated_at": "2023-04-28T02:09:43.072Z", "vendors": [5]}}, {"model": "orders.order", "pk": 33, "fields": {"user": 32, "payment": 12, "order_number": "2023042808115933", "first_name": "Jenish", "last_name": "Akhed", "phone": "07041921440", "email": "akhedjenish123@gmail.com", "address": "D. R. World, Bhagyoday Industrial Estate, Parvat Patiya, Surat, Gujarat, India", "country": "India", "state": "Gujarat", "city": "Surat", "pin_code": "395010", "total": 106.2, "tax_data": "{\"CGST\": {\"9.00\": 8.10}, \"SGST\": {\"9.00\": 8.10}}", "total_data": "{\"9\": {\"90.00\": \"{'CGST': {'9.00': '8.10'}, 'SGST': {'9.00': '8.10'}}\"}}", "total_tax": 16.2, "payment_method": "RazorPay", "status": "New", "is_ordered": true, "created_at": "2023-04-28T02:41:59.920Z", "updated_at": "2023-04-28T02:42:54.174Z", "vendors": [9]}}, {"model": "orders.order", "pk": 34, "fields": {"user": 32, "payment": 13, "order_number": "2023042808135734", "first_name": "Jenish", "last_name": "Akhed", "phone": "07041921440", "email": "akhedjenish123@gmail.com", "address": "D. R. World, Bhagyoday Industrial Estate, Parvat Patiya, Surat, Gujarat, India", "country": "India", "state": "Gujarat", "city": "Surat", "pin_code": "395010", "total": 666.7, "tax_data": "{\"CGST\": {\"9.00\": 50.85}, \"SGST\": {\"9.00\": 50.85}}", "total_data": "{\"5\": {\"565.00\": \"{'CGST': {'9.00': '50.85'}, 'SGST': {'9.00': '50.85'}}\"}}", "total_tax": 101.7, "payment_method": "RazorPay", "status": "New", "is_ordered": true, "created_at": "2023-04-28T02:43:57.651Z", "updated_at": "2023-04-28T02:50:13.532Z", "vendors": [5]}}, {"model": "orders.order", "pk": 35, "fields": {"user": 23, "payment": 14, "order_number": "2023042918491935", "first_name": "Jenish", "last_name": "Akhed", "phone": "", "email": "ajakhed123@gmail.com", "address": "Laxmi Enclave 2, Gajera Cir, Rajanand Society, Mahavir Nagar Society, Patel Nagar, Surat, Gujarat, India", "country": "India", "state": "Gujarat", "city": "Surat", "pin_code": "395004", "total": 552.24, "tax_data": "{\"CGST\": {\"9.00\": 42.12}, \"SGST\": {\"9.00\": 42.12}}", "total_data": "{\"11\": {\"468.00\": \"{'CGST': {'9.00': '42.12'}, 'SGST': {'9.00': '42.12'}}\"}}", "total_tax": 84.24, "payment_method": "PayPal", "status": "New", "is_ordered": true, "created_at": "2023-04-29T13:19:19.602Z", "updated_at": "2023-04-29T13:19:38.954Z", "vendors": [11]}}, {"model": "orders.orderedfood", "pk": 1, "fields": {"order": 20, "payment": 1, "user": 31, "fooditem": 28, "quantity": 4, "price": 234.0, "amount": 936.0, "created_at": "2023-04-28T01:35:17.152Z", "updated_at": "2023-04-28T01:35:17.152Z"}}, {"model": "orders.orderedfood", "pk": 2, "fields": {"order": 20, "payment": 1, "user": 31, "fooditem": 18, "quantity": 1, "price": 45.0, "amount": 45.0, "created_at": "2023-04-28T01:35:17.158Z", "updated_at": "2023-04-28T01:35:17.158Z"}}, {"model": "orders.orderedfood", "pk": 3, "fields": {"order": 20, "payment": 1, "user": 31, "fooditem": 20, "quantity": 1, "price": 897.0, "amount": 897.0, "created_at": "2023-04-28T01:35:17.160Z", "updated_at": "2023-04-28T01:35:17.160Z"}}, {"model": "orders.orderedfood", "pk": 4, "fields": {"order": 20, "payment": 1, "user": 31, "fooditem": 21, "quantity": 2, "price": 111.0, "amount": 222.0, "created_at": "2023-04-28T01:35:17.169Z", "updated_at": "2023-04-28T01:35:17.169Z"}}, {"model": "orders.orderedfood", "pk": 5, "fields": {"order": 22, "payment": 2, "user": 31, "fooditem": 28, "quantity": 4, "price": 234.0, "amount": 936.0, "created_at": "2023-04-28T01:39:44.917Z", "updated_at": "2023-04-28T01:39:44.917Z"}}, {"model": "orders.orderedfood", "pk": 6, "fields": {"order": 22, "payment": 2, "user": 31, "fooditem": 18, "quantity": 1, "price": 45.0, "amount": 45.0, "created_at": "2023-04-28T01:39:44.921Z", "updated_at": "2023-04-28T01:39:44.921Z"}}, {"model": "orders.orderedfood", "pk": 7, "fields": {"order": 22, "payment": 2, "user": 31, "fooditem": 20, "quantity": 1, "price": 897.0, "amount": 897.0, "created_at": "2023-04-28T01:39:44.929Z", "updated_at": "2023-04-28T01:39:44.929Z"}}, {"model": "orders.orderedfood", "pk": 8, "fields": {"order": 22, "payment": 2, "user": 31, "fooditem": 21, "quantity": 2, "price": 111.0, "amount": 222.0, "created_at": "2023-04-28T01:39:44.936Z", "updated_at": "2023-04-28T01:39:44.936Z"}}, {"model": "orders.orderedfood", "pk": 9, "fields": {"order": 23, "payment": 3, "user": 31, "fooditem": 28, "quantity": 4, "price": 234.0, "amount": 936.0, "created_at": "2023-04-28T01:42:23.316Z", "updated_at": "2023-04-28T01:42:23.316Z"}}, {"model": "orders.orderedfood", "pk": 10, "fields": {"order": 23, "payment": 3, "user": 31, "fooditem": 18, "quantity": 1, "price": 45.0, "amount": 45.0, "created_at": "2023-04-28T01:42:23.321Z", "updated_at": "2023-04-28T01:42:23.321Z"}}, {"model": "orders.orderedfood", "pk": 11, "fields": {"order": 23, "payment": 3, "user": 31, "fooditem": 20, "quantity": 1, "price": 897.0, "amount": 897.0, "created_at": "2023-04-28T01:42:23.324Z", "updated_at": "2023-04-28T01:42:23.325Z"}}, {"model": "orders.orderedfood", "pk": 12, "fields": {"order": 23, "payment": 3, "user": 31, "fooditem": 21, "quantity": 2, "price": 111.0, "amount": 222.0, "created_at": "2023-04-28T01:42:23.328Z", "updated_at": "2023-04-28T01:42:23.328Z"}}, {"model": "orders.orderedfood", "pk": 15, "fields": {"order": 26, "payment": 6, "user": 32, "fooditem": 28, "quantity": 2, "price": 234.0, "amount": 468.0, "created_at": "2023-04-28T01:52:09.582Z", "updated_at": "2023-04-28T01:52:09.582Z"}}, {"model": "orders.orderedfood", "pk": 16, "fields": {"order": 27, "payment": 7, "user": 32, "fooditem": 28, "quantity": 2, "price": 234.0, "amount": 468.0, "created_at": "2023-04-28T01:56:16.850Z", "updated_at": "2023-04-28T01:56:16.850Z"}}, {"model": "orders.orderedfood", "pk": 17, "fields": {"order": 28, "payment": 8, "user": 31, "fooditem": 18, "quantity": 1, "price": 45.0, "amount": 45.0, "created_at": "2023-04-28T01:58:25.985Z", "updated_at": "2023-04-28T01:58:25.985Z"}}, {"model": "orders.orderedfood", "pk": 18, "fields": {"order": 30, "payment": 9, "user": 32, "fooditem": 28, "quantity": 2, "price": 234.0, "amount": 468.0, "created_at": "2023-04-28T02:02:36.555Z", "updated_at": "2023-04-28T02:02:36.555Z"}}, {"model": "orders.orderedfood", "pk": 19, "fields": {"order": 31, "payment": 10, "user": 32, "fooditem": 3, "quantity": 1, "price": 210.0, "amount": 210.0, "created_at": "2023-04-28T02:05:27.937Z", "updated_at": "2023-04-28T02:05:27.937Z"}}, {"model": "orders.orderedfood", "pk": 20, "fields": {"order": 31, "payment": 10, "user": 32, "fooditem": 10, "quantity": 1, "price": 565.0, "amount": 565.0, "created_at": "2023-04-28T02:05:27.944Z", "updated_at": "2023-04-28T02:05:27.944Z"}}, {"model": "orders.orderedfood", "pk": 21, "fields": {"order": 31, "payment": 10, "user": 32, "fooditem": 24, "quantity": 1, "price": 78.0, "amount": 78.0, "created_at": "2023-04-28T02:05:27.946Z", "updated_at": "2023-04-28T02:05:27.946Z"}}, {"model": "orders.orderedfood", "pk": 22, "fields": {"order": 32, "payment": 11, "user": 32, "fooditem": 24, "quantity": 1, "price": 78.0, "amount": 78.0, "created_at": "2023-04-28T02:09:43.083Z", "updated_at": "2023-04-28T02:09:43.083Z"}}, {"model": "orders.orderedfood", "pk": 23, "fields": {"order": 33, "payment": 12, "user": 32, "fooditem": 18, "quantity": 2, "price": 45.0, "amount": 90.0, "created_at": "2023-04-28T02:42:54.185Z", "updated_at": "2023-04-28T02:42:54.185Z"}}, {"model": "orders.orderedfood", "pk": 24, "fields": {"order": 34, "payment": 13, "user": 32, "fooditem": 10, "quantity": 1, "price": 565.0, "amount": 565.0, "created_at": "2023-04-28T02:50:13.538Z", "updated_at": "2023-04-28T02:50:13.538Z"}}, {"model": "orders.orderedfood", "pk": 25, "fields": {"order": 35, "payment": 14, "user": 23, "fooditem": 28, "quantity": 2, "price": 234.0, "amount": 468.0, "created_at": "2023-04-29T13:19:38.965Z", "updated_at": "2023-04-29T13:19:38.965Z"}}]